case,column,q,label,nG,R,T,A,err_R,time_ms,time_est_ms,timing_runs,physics_cached,timing_cached,mode
A1_slab_air,fork[Laurent],1,(0D),1,0.7002627681332116,0.2997363540113007,8.77855487635415e-07,6.147300426473379e-07,1.4907000586390495,1.426779670920797,3,True,True,native
A1_slab_air,fork[Pol],1,(0D),1,0.7002627681332116,0.2997363540113007,8.77855487635415e-07,6.147300426473379e-07,0.7663005962967873,1.0646289646610696,3,True,True,native
A1_slab_air,ikarus[Laurent],1,(0D),1,0.700263382811654,0.2997366171146594,7.368661236739626e-11,5.160027960471325e-11,3.7171002477407455,4.2494757531210325,3,True,True,native
A1_slab_air,ikarus[Li],1,(0D),1,0.700263382811654,0.2997366171146594,7.368661236739626e-11,5.160027960471325e-11,5.261099897325039,4.243857477165362,3,True,True,native
A1_slab_air,ikarus[NV],1,(0D),1,0.700263382811654,0.2997366171146594,7.368661236739626e-11,5.160027960471325e-11,3.714299760758877,3.25631423644325,3,True,True,native
A1b_slab_glass,fork[Laurent],1,(0D),1,0.5878184729708246,0.412180648362754,8.786664214555095e-07,4.973712832700983e-07,1.3656001538038254,1.426779670920797,3,True,True,native
A1b_slab_glass,fork[Pol],1,(0D),1,0.5878184729708246,0.412180648362754,8.786664214555095e-07,4.973712832700983e-07,1.4790995046496391,1.0646289646610696,3,True,True,native
A1b_slab_glass,ikarus[Laurent],1,(0D),1,0.5878189703071491,0.41218102959443625,9.841460979487238e-11,3.495870259939693e-11,4.858099855482578,4.2494757531210325,3,True,True,native
A1b_slab_glass,ikarus[Li],1,(0D),1,0.5878189703071491,0.41218102959443625,9.841460979487238e-11,3.495870259939693e-11,3.4233005717396736,4.243857477165362,3,True,True,native
A1b_slab_glass,ikarus[NV],1,(0D),1,0.5878189703071491,0.41218102959443625,9.841460979487238e-11,3.495870259939693e-11,2.8547998517751694,3.25631423644325,3,True,True,native
A2_formbiref_TE,fork[Laurent],1,1,1,0.5393743107485645,0.4606247299100049,9.593414306285908e-07,0.006385689251435567,2.7042003348469734,1.1230995878577232,3,True,True,native
A2_formbiref_TE,fork[Laurent],3,3,3,0.5461996841510497,0.4537992814850765,1.0343638738308236e-06,0.0004396841510496685,1.7049992457032204,1.383400522172451,3,True,True,native
A2_formbiref_TE,fork[Laurent],5,5,5,0.5461700739818728,0.45382889131557824,1.034702548974309e-06,0.00041007398187276056,1.5334999188780785,1.569199375808239,3,True,True,native
A2_formbiref_TE,fork[Laurent],7,7,7,0.5458325173634129,0.4541664467035585,1.035933028636915e-06,7.251736341284953e-05,1.7044004052877426,1.6962997615337372,3,True,True,native
A2_formbiref_TE,fork[Laurent],9,9,9,0.5458320451397336,0.45416691892187666,1.0359383897373675e-06,7.204513973357862e-05,1.9863005727529526,2.0190998911857605,3,True,True,native
A2_formbiref_TE,fork[Laurent],11,11,11,0.5457829866534392,0.45421597724018137,1.0361063794706027e-06,2.298665343913875e-05,2.468699589371681,2.201199531555176,3,True,True,native
A2_formbiref_TE,fork[Laurent],13,13,13,0.5457829447257708,0.4542160191673816,1.036106847596141e-06,2.2944725770801533e-05,2.5451993569731712,2.4069994688034058,3,True,True,native
A2_formbiref_TE,fork[Laurent],15,15,15,0.5457696306543355,0.4542293331942414,1.0361514231060909e-06,9.6306543354574e-06,2.711900509893894,2.642500214278698,3,True,True,native
A2_formbiref_TE,fork[Laurent],17,17,17,0.5457696232157417,0.45422934063275294,1.0361515053181058e-06,9.623215741716429e-06,3.6527998745441437,4.1825007647275925,3,True,True,native
A2_formbiref_TE,fork[Laurent],19,19,19,0.5457646434770747,0.4542343203549458,1.0361679795289902e-06,4.6434770746284215e-06,4.714000038802624,4.714000038802624,3,True,True,native
A2_formbiref_TE,fork[Laurent],21,21,21,0.5457646415397853,0.45423432229221417,1.0361680005122054e-06,4.6415397852994644e-06,5.44039998203516,5.244099535048008,3,True,True,native
A2_formbiref_TE,fork[Laurent],23,23,23,0.5457623797663463,0.4542365840582248,1.0361754288479297e-06,2.3797663463165364e-06,6.102399900555611,6.495135192411687,3,True,True,native
A2_formbiref_TE,fork[Laurent],25,25,25,0.545762379122018,0.4542365847025462,1.0361754358423347e-06,2.3791220179480987e-06,6.4733996987342834,6.495135192411687,3,True,True,native
A2_formbiref_TE,fork[Laurent],27,27,27,0.5457612090427107,0.4542377547780304,1.0361792588398089e-06,1.2090427107258606e-06,8.807400241494179,8.3849283538469,3,True,True,native
A2_formbiref_TE,fork[Laurent],29,29,29,0.5457612087888619,0.4542377550318775,1.0361792605606546e-06,1.208788861895016e-06,7.9840999096632,8.3849283538469,3,True,True,native
A2_formbiref_TE,fork[Laurent],31,31,31,0.5457605442855534,0.4542384195330218,1.0361814247739076e-06,5.442855534054658e-07,9.247899986803532,8.792299777269362,3,False,False,native
A2_formbiref_TE,fork[Laurent],49,49,49,0.5457595817247879,0.45423938209066933,1.0361845427797611e-06,4.182752121328903e-07,20.165500231087208,19.410999491810795,3,True,True,native
A2_formbiref_TE,fork[Laurent],81,81,81,0.5457592585407106,0.45423970527367885,1.036185610536755e-06,7.414592894106065e-07,64.41299989819527,55.79689983278514,3,True,True,native
A2_formbiref_TE,fork[Laurent],121,121,121,0.545759195203733,0.4542397686103097,1.036185957370428e-06,8.047962670731934e-07,127.58080009371042,116.76299944519992,3,True,True,native
A2_formbiref_TE,fork[Laurent],169,169,169,0.5457591781690945,0.4542397856450599,1.0361858456264805e-06,8.218309055507689e-07,278.35809998214245,269.1609002649784,3,True,True,native
A2_formbiref_TE,fork[Laurent],225,225,225,0.5457591725081326,0.45423979130601333,1.0361858541196867e-06,8.274918674722187e-07,482.4273996055126,477.1340992301702,3,True,True,native
A2_formbiref_TE,fork[Laurent],289,289,289,0.5457591703084204,0.4542397935056781,1.0361859015262098e-06,8.296915796623949e-07,908.7805999442935,908.7805999442936,3,True,True,native
A2_formbiref_TE,fork[Laurent],361,361,361,0.5457591693771396,0.45423979443724866,1.0361856117024892e-06,8.306228603816024e-07,1313.8311002403498,1338.1883995607493,1,True,True,native
A2_formbiref_TE,fork[Laurent],441,441,441,0.5457591688934108,0.45423979492071104,1.0361858781560151e-06,8.311065892163683e-07,2046.1736992001534,2033.097700215876,1,True,True,native
A2_formbiref_TE,fork[Laurent],529,529,529,0.5457591686850309,0.4542397951290948,1.0361858742702346e-06,8.313149690852839e-07,3211.208799853921,3258.7182000279436,1,True,True,native
A2_formbiref_TE,fork[Laurent],625,625,625,0.5457591685422275,0.4542397952720083,1.0361857641916217e-06,8.31457772521027e-07,4220.02109978348,4288.054499775172,1,True,True,native
A2_formbiref_TE,fork[Laurent],729,729,729,0.5457591684521634,0.45423979536192355,1.0361859130170181e-06,8.315478365883422e-07,6296.588000841439,6783.473100513219,1,True,True,native
A2_formbiref_TE,fork[Laurent],841,841,841,0.5457591685065466,0.45423979530768055,1.0361857728513613e-06,8.31493453423704e-07,8092.475100420415,9816.863799467686,1,True,True,native
A2_formbiref_TE,fork[Laurent],961,961,961,0.545759168363593,0.4542397954501248,1.0361862822771961e-06,8.316364070726223e-07,10872.374900616705,11482.0499997586,1,False,False,native
A2_formbiref_TE,fork[Pol],1,1,1,0.5393743107485645,0.4606247299100049,9.593414306285908e-07,0.006385689251435567,32.54089970141649,25.975731493061925,3,True,True,native
A2_formbiref_TE,fork[Pol],3,3,3,0.5461996841510497,0.4537992814850765,1.0343638738308236e-06,0.0004396841510496685,28.336199931800365,25.975731493061925,3,True,True,native
A2_formbiref_TE,fork[Pol],5,5,5,0.5461700739818728,0.45382889131557824,1.034702548974309e-06,0.00041007398187276056,26.986400596797466,25.975731493061925,3,True,True,native
A2_formbiref_TE,fork[Pol],7,7,7,0.5458325173634129,0.4541664467035585,1.035933028636915e-06,7.251736341284953e-05,27.62539964169264,25.975731493061925,3,True,True,native
A2_formbiref_TE,fork[Pol],9,9,9,0.5458320451397336,0.45416691892187666,1.0359383897373675e-06,7.204513973357862e-05,29.077100567519665,25.975731493061925,3,True,True,native
A2_formbiref_TE,fork[Pol],11,11,11,0.5457829866534392,0.45421597724018137,1.0361063794706027e-06,2.298665343913875e-05,28.796499595046043,25.975731493061925,3,True,True,native
A2_formbiref_TE,fork[Pol],13,13,13,0.5457829447257708,0.4542160191673816,1.036106847596141e-06,2.2944725770801533e-05,29.1916998103261,25.975731493061925,3,True,True,native
A2_formbiref_TE,fork[Pol],15,15,15,0.5457696306543355,0.4542293331942414,1.0361514231060909e-06,9.6306543354574e-06,32.974500209093094,25.975731493061925,3,True,True,native
A2_formbiref_TE,fork[Pol],17,17,17,0.5457696232157417,0.45422934063275294,1.0361515053181058e-06,9.623215741716429e-06,27.191600762307644,36.99061874938549,3,True,True,native
A2_formbiref_TE,fork[Pol],19,19,19,0.5457646434770747,0.4542343203549458,1.0361679795289902e-06,4.6434770746284215e-06,36.25489957630634,36.99061874938549,3,True,True,native
A2_formbiref_TE,fork[Pol],21,21,21,0.5457646415397853,0.45423432229221417,1.0361680005122054e-06,4.6415397852994644e-06,37.04589977860451,37.07340080291032,3,True,True,native
A2_formbiref_TE,fork[Pol],23,23,23,0.5457623797663463,0.4542365840582248,1.0361754288479297e-06,2.3797663463165364e-06,39.491499774158,39.28277750555894,3,True,True,native
A2_formbiref_TE,fork[Pol],25,25,25,0.545762379122018,0.4542365847025462,1.0361754358423347e-06,2.3791220179480987e-06,31.042699702084064,39.28277750555894,3,True,True,native
A2_formbiref_TE,fork[Pol],27,27,27,0.5457612090427107,0.4542377547780304,1.0361792588398089e-06,1.2090427107258606e-06,40.320100262761116,40.88279977440835,3,True,True,native
A2_formbiref_TE,fork[Pol],29,29,29,0.5457612087888619,0.4542377550318775,1.0361792605606546e-06,1.208788861895016e-06,88.93069997429848,47.36864032769833,3,True,True,native
A2_formbiref_TE,fork[Pol],31,31,31,0.5457605442855534,0.4542384195330218,1.0361814247739076e-06,5.442855534054658e-07,39.7258996963501,47.36864032769833,3,False,False,native
A2_formbiref_TE,fork[Pol],49,49,49,0.5457595817247879,0.45423938209066933,1.0361845427797611e-06,4.182752121328903e-07,46.24770022928715,53.86540014296771,3,True,True,native
A2_formbiref_TE,fork[Pol],81,81,81,0.5457592585407106,0.45423970527367885,1.036185610536755e-06,7.414592894106065e-07,95.07970046252012,91.40070062130688,3,True,True,native
A2_formbiref_TE,fork[Pol],121,121,121,0.545759195203733,0.4542397686103097,1.036185957370428e-06,8.047962670731934e-07,176.02689936757088,164.40960019826886,3,True,True,native
A2_formbiref_TE,fork[Pol],169,169,169,0.5457591781690945,0.4542397856450599,1.0361858456264805e-06,8.218309055507689e-07,348.17030001431704,323.3860004693269,3,True,True,native
A2_formbiref_TE,fork[Pol],225,225,225,0.5457591725081326,0.45423979130601333,1.0361858541196867e-06,8.274918674722187e-07,579.2040005326271,559.1336004436018,3,True,True,native
A2_formbiref_TE,fork[Pol],289,289,289,0.5457591703084204,0.4542397935056781,1.0361859015262098e-06,8.296915796623949e-07,952.0191997289658,1005.8741001412272,3,True,True,native
A2_formbiref_TE,fork[Pol],361,361,361,0.5457591693771396,0.45423979443724866,1.0361856117024892e-06,8.306228603816024e-07,1548.4713995829225,1587.937099859118,1,True,True,native
A2_formbiref_TE,fork[Pol],441,441,441,0.5457591688934108,0.45423979492071104,1.0361858781560151e-06,8.311065892163683e-07,2323.6108999699354,2336.409400217235,1,True,True,native
A2_formbiref_TE,fork[Pol],529,529,529,0.5457591686850309,0.4542397951290948,1.0361858742702346e-06,8.313149690852839e-07,3231.3181003555655,3400.782399810852,1,True,True,native
A2_formbiref_TE,fork[Pol],625,625,625,0.5457591685422275,0.4542397952720083,1.0361857641916217e-06,8.31457772521027e-07,4775.249700061977,4909.868500195443,1,True,True,native
A2_formbiref_TE,fork[Pol],729,729,729,0.5457591684521634,0.45423979536192355,1.0361859130170181e-06,8.315478365883422e-07,6657.825999893248,6929.2636997997715,1,True,True,native
A2_formbiref_TE,fork[Pol],841,841,841,0.5457591685065466,0.45423979530768055,1.0361857728513613e-06,8.31493453423704e-07,25172.78440017253,13566.083239533378,1,True,True,native
A2_formbiref_TE,fork[Pol],961,961,961,0.545759168363593,0.4542397954501248,1.0361862822771961e-06,8.316364070726223e-07,12404.090999625623,13566.083239533378,1,False,False,native
A2_formbiref_TE,ikarus[Laurent],1,1,1,0.5393748278919682,0.460625171549606,5.584257500856893e-10,0.0063851721080318,3.4401006996631622,2.46219988912344,3,True,True,native
A2_formbiref_TE,ikarus[Laurent],3,3,3,0.5462002492271492,0.4537997500886148,6.842360567027583e-10,0.0004402492271491365,3.1359996646642685,2.949199639260769,3,True,True,native
A2_formbiref_TE,ikarus[Laurent],5,5,5,0.5461706392134394,0.45382936010203606,6.84524492644556e-10,0.0004106392134394232,3.1699994578957558,3.250500187277794,3,True,True,native
A2_formbiref_TE,ikarus[Laurent],7,7,7,0.5458330829186012,0.4541669163949893,6.864094848069158e-10,7.30829186011972e-05,3.6061005666851997,3.554600290954113,3,True,True,native
A2_formbiref_TE,ikarus[Laurent],9,9,9,0.5458326106973812,0.45416738861620515,6.864136481432581e-10,7.261069738118131e-05,3.9726998656988144,3.9859004318714146,3,True,True,native
A2_formbiref_TE,ikarus[Laurent],11,11,11,0.5457835522519938,0.45421644706134234,6.866638369018574e-10,2.3552251993796958e-05,4.2364997789263725,4.190700128674507,3,True,True,native
A2_formbiref_TE,ikarus[Laurent],13,13,13,0.5457835103245499,0.45421648898878303,6.8666711205978e-10,2.3510324549835815e-05,4.499900154769421,4.476699978113174,3,True,True,native
A2_formbiref_TE,ikarus[Laurent],15,15,15,0.5457701962636334,0.4542298030496369,6.867296731272177e-10,1.0196263633410751e-05,4.9323998391628265,4.8065995797514915,3,True,True,native
A2_formbiref_TE,ikarus[Laurent],17,17,17,0.5457701888251032,0.4542298104881606,6.86736223443063e-10,1.0188825103174537e-05,6.933899596333504,6.550553021249705,3,True,True,native
A2_formbiref_TE,ikarus[Laurent],19,19,19,0.5457652090902942,0.45423479022296187,6.867438839819329e-10,5.2090902942225625e-06,5.954500287771225,6.550553021249705,3,True,True,native
A2_formbiref_TE,ikarus[Laurent],21,21,21,0.5457652071529518,0.4542347921602852,6.867629798179564e-10,5.207152951824945e-06,7.9600997269153595,8.117799647152424,3,True,True,native
A2_formbiref_TE,ikarus[Laurent],23,23,23,0.5457629453811362,0.45423705393205194,6.868118296310399e-10,2.9453811362101234e-06,8.401700295507908,8.484444764169808,3,True,True,native
A2_formbiref_TE,ikarus[Laurent],25,25,25,0.5457629447368235,0.45423705457640945,6.867670321319963e-10,2.9447368234958304e-06,7.5933001935482025,8.484444764169808,3,True,True,native
A2_formbiref_TE,ikarus[Laurent],27,27,27,0.5457617746584227,0.45423822465473457,6.868427493422757e-10,1.7746584226596696e-06,9.548399597406387,9.552500210702421,3,True,True,native
A2_formbiref_TE,ikarus[Laurent],29,29,29,0.5457617744045771,0.45423822490863075,6.867921786835041e-10,1.7744045770484718e-06,20.046399906277657,12.422899715602396,3,True,True,native
A2_formbiref_TE,ikarus[Laurent],31,31,31,0.5457611099018951,0.4542388894113675,6.8673744468839e-10,1.1099018950577744e-06,11.605899780988693,13.318499550223349,3,False,False,native
A2_formbiref_TE,ikarus[Laurent],49,49,49,0.5457601473418391,0.45423985197134803,6.868128843429133e-10,1.4734183906295328e-07,22.08129968494177,21.800199523568157,3,True,True,native
A2_formbiref_TE,ikarus[Laurent],81,81,81,0.5457598241585,0.4542401751550319,6.86468104582616e-10,1.7584150002747378e-07,65.4814001172781,64.02330007404086,3,True,True,native
A2_formbiref_TE,ikarus[Laurent],121,121,121,0.5457597608225474,0.4542402384905296,6.869230184669561e-10,2.391774526211421e-07,137.65550032258034,134.4826994463801,3,True,True,native
A2_formbiref_TE,ikarus[Laurent],169,169,169,0.5457597437787192,0.4542402555335135,6.877673430771836e-10,2.562212808587816e-07,291.24770034104586,270.5553006380797,3,True,True,native
A2_formbiref_TE,ikarus[Laurent],225,225,225,0.5457597381141279,0.45424026119970107,6.861710089012263e-10,2.618858720992989e-07,499.41399972885847,470.39739973843075,3,True,True,native
A2_formbiref_TE,ikarus[Laurent],289,289,289,0.5457597359268773,0.45424026338638274,6.867399426901954e-10,2.6407312270215755e-07,952.076300047338,878.209199756385,3,True,True,native
A2_formbiref_TE,ikarus[Laurent],361,361,361,0.5457597349616866,0.45424026435238274,6.859306456163949e-10,2.6503831340729533e-07,1322.8153996169567,1269.857499748468,1,True,True,native
A2_formbiref_TE,ikarus[Laurent],441,441,441,0.5457597345078019,0.45424026480191276,6.902853288970334e-10,2.6549219811489166e-07,2174.2038000375032,2044.4996003061535,1,True,True,native
A2_formbiref_TE,ikarus[Laurent],529,529,529,0.545759734329818,0.4542402649865306,6.83651468769142e-10,2.656701820757945e-07,3056.077199988067,3022.155500017107,1,True,True,native
A2_formbiref_TE,ikarus[Laurent],625,625,625,0.5457597342102917,0.4542402651046438,6.850645051237336e-10,2.6578970835355875e-07,4504.767999984324,4504.767999984328,1,True,True,native
A2_formbiref_TE,ikarus[Laurent],729,729,729,0.5457597341289493,0.45424026518505867,6.859920409496567e-10,2.6587105073083706e-07,5806.4580000936985,6371.958800591528,1,True,True,native
A2_formbiref_TE,ikarus[Laurent],841,841,841,0.5457597340590894,0.4542402652933026,6.47608022763535e-10,2.6594091062648317e-07,9259.468699805439,10808.291099965587,1,True,True,native
A2_formbiref_TE,ikarus[Laurent],961,961,961,0.5457597341201086,0.45424026517918603,7.007053826058041e-10,2.6587989143678215e-07,11786.530300043523,14386.265600100187,1,False,False,native
A2_formbiref_TE,ikarus[Li],1,1,1,0.5393748278919682,0.46062517154960575,5.584260276414454e-10,0.0063851721080318,5.233299918472767,3.90740018337965,3,True,True,native
A2_formbiref_TE,ikarus[Li],3,3,3,0.5462002492271488,0.4537997500886149,6.842362787473633e-10,0.00044024922714880343,5.523099564015865,4.741800017654895,3,True,True,native
A2_formbiref_TE,ikarus[Li],5,5,5,0.5461706392134376,0.4538293601020365,6.84525935934488e-10,0.00041063921343753584,5.338800139725208,5.163599736988544,3,True,True,native
A2_formbiref_TE,ikarus[Li],7,7,7,0.5458330829186029,0.45416691639498763,6.864094848069158e-10,7.308291860286253e-05,5.336000584065914,5.701259554794056,3,True,True,native
A2_formbiref_TE,ikarus[Li],9,9,9,0.5458326106973809,0.45416738861620726,6.864118717864187e-10,7.261069738084824e-05,5.61320036649704,5.701259554794056,3,True,True,native
A2_formbiref_TE,ikarus[Li],11,11,11,0.5457835522520034,0.45421644706133574,6.866608948108421e-10,2.3552252003344876e-05,5.570299923419952,5.79950027167797,3,True,True,native
A2_formbiref_TE,ikarus[Li],13,13,13,0.5457835103245416,0.4542164889887887,6.866696655727367e-10,2.3510324541620164e-05,6.173299625515938,6.173299625515938,3,True,True,native
A2_formbiref_TE,ikarus[Li],15,15,15,0.54577019626362,0.4542298030496411,6.867388879783221e-10,1.0196263619977053e-05,6.290600635111332,6.304799579083919,3,True,True,native
A2_formbiref_TE,ikarus[Li],17,17,17,0.5457701888251211,0.4542298104881458,6.86733114818594e-10,1.0188825121049128e-05,6.799499504268169,9.097287298795644,3,True,True,native
A2_formbiref_TE,ikarus[Li],19,19,19,0.5457652090902309,0.45423479022302415,6.867449942049575e-10,5.209090230828828e-06,7.221300154924393,9.097287298795644,3,True,True,native
A2_formbiref_TE,ikarus[Li],21,21,21,0.5457652071529515,0.45423479216029133,6.867571511470771e-10,5.207152951491878e-06,8.13279952853918,9.097287298795644,3,True,True,native
A2_formbiref_TE,ikarus[Li],23,23,23,0.5457629453811612,0.454237053932062,6.86776802094613e-10,2.9453811611901415e-06,11.012000031769276,10.317508181644538,3,True,True,native
A2_formbiref_TE,ikarus[Li],25,25,25,0.5457629447369244,0.4542370545762965,6.867790780518135e-10,2.9447369244151034e-06,9.962900541722775,10.317508181644538,3,True,True,native
A2_formbiref_TE,ikarus[Li],27,27,27,0.5457617746584628,0.454238224654725,6.868122182090985e-10,1.7746584627387207e-06,14.01390042155981,12.79244377020361,3,True,True,native
A2_formbiref_TE,ikarus[Li],29,29,29,0.5457617744047171,0.4542382249084976,6.867853508119026e-10,1.7744047170475952e-06,13.204500079154968,12.79244377020361,3,True,True,native
A2_formbiref_TE,ikarus[Li],31,31,31,0.5457611099018779,0.4542388894113726,6.867495461193585e-10,1.1099018778493175e-06,12.586100026965141,12.79244377020361,3,False,False,native
A2_formbiref_TE,ikarus[Li],49,49,49,0.5457601473419316,0.45423985197129413,6.867743040928076e-10,1.4734193154453123e-07,23.65349978208542,23.672900162637234,3,True,True,native
A2_formbiref_TE,ikarus[Li],81,81,81,0.5457598241576032,0.4542401751556932,6.867036383972902e-10,1.7584239686563308e-07,67.90270004421473,65.7473001629114,3,True,True,native
A2_formbiref_TE,ikarus[Li],121,121,121,0.5457597608188032,0.45424023849476686,6.864299684217201e-10,2.3918119684829264e-07,141.25640038400888,136.5331001579761,3,True,True,native
A2_formbiref_TE,ikarus[Li],169,169,169,0.5457597437824904,0.4542402555313464,6.861632373400539e-10,2.5621750965321155e-07,294.14020013064146,276.05810016393656,3,True,True,native
A2_formbiref_TE,ikarus[Li],225,225,225,0.5457597381158913,0.4542402611968093,6.872993840723041e-10,2.618841087320689e-07,512.7392997965217,477.4115998297929,3,True,True,native
A2_formbiref_TE,ikarus[Li],289,289,289,0.5457597359273219,0.454240263388062,6.846161415552388e-10,2.640726781688585e-07,917.280500754714,914.480400271714,3,True,True,native
A2_formbiref_TE,ikarus[Li],361,361,361,0.545759734976169,0.4542402643399001,6.839308563932889e-10,2.650238309920283e-07,1473.2919000089169,1451.5402996912596,1,True,True,native
A2_formbiref_TE,ikarus[Li],441,441,441,0.5457597345170517,0.45424026479756596,6.853823064645326e-10,2.65482948291762e-07,1935.8839001506567,1866.031300276518,1,True,True,native
A2_formbiref_TE,ikarus[Li],529,529,529,0.5457597343061179,0.4542402650038899,6.899921745073812e-10,2.656938821177235e-07,3075.162099674344,2997.0600996166445,1,True,True,native
A2_formbiref_TE,ikarus[Li],625,625,625,0.5457597341843294,0.45424026511039395,7.052766148873957e-10,2.658156705859227e-07,4535.496300086379,4560.215099714699,1,True,True,native
A2_formbiref_TE,ikarus[Li],729,729,729,0.545759734101808,0.4542402652181381,6.800539020801466e-10,2.6589819202005316e-07,6383.794199675322,6962.597399950032,1,True,True,native
A2_formbiref_TE,ikarus[Li],841,841,841,0.545759733935051,0.45424026537078915,6.941598962306728e-10,2.660649490726641e-07,9693.830099888146,10781.145100481826,1,True,True,native
A2_formbiref_TE,ikarus[Li],961,961,961,0.545759733975474,0.4542402653432259,6.813001274252883e-10,2.660245260743821e-07,11674.104600213468,13855.224200524392,1,False,False,native
A2_formbiref_TE,ikarus[NV],1,1,1,0.5393748278919682,0.460625171549606,5.584257500856893e-10,0.0063851721080318,56.39249924570322,55.858599953353405,3,True,True,native
A2_formbiref_TE,ikarus[NV],3,3,3,0.5462002492271492,0.4537997500886148,6.842360567027583e-10,0.0004402492271491365,56.98959995061159,56.98959995061158,3,True,True,native
A2_formbiref_TE,ikarus[NV],5,5,5,0.5461706392134394,0.45382936010203606,6.84524492644556e-10,0.0004106392134394232,57.67390038818121,57.055599987506845,3,True,True,native
A2_formbiref_TE,ikarus[NV],7,7,7,0.5458330829186012,0.4541669163949893,6.864094848069158e-10,7.30829186011972e-05,58.167300187051296,57.41250049322844,3,True,True,native
A2_formbiref_TE,ikarus[NV],9,9,9,0.5458326106973812,0.45416738861620515,6.864136481432581e-10,7.261069738118131e-05,58.3194000646472,58.30054704841294,3,True,True,native
A2_formbiref_TE,ikarus[NV],11,11,11,0.5457835522519938,0.45421644706134234,6.866638369018574e-10,2.3552251993796958e-05,58.9199997484684,58.30054704841294,3,True,True,native
A2_formbiref_TE,ikarus[NV],13,13,13,0.5457835103245499,0.45421648898878303,6.8666711205978e-10,2.3510324549835815e-05,59.14760008454323,58.70960000902413,3,True,True,native
A2_formbiref_TE,ikarus[NV],15,15,15,0.5457701962636334,0.4542298030496369,6.867296731272177e-10,1.0196263633410751e-05,60.181000269949436,59.49340015649798,3,True,True,native
A2_formbiref_TE,ikarus[NV],17,17,17,0.5457701888251032,0.4542298104881606,6.86736223443063e-10,1.0188825103174537e-05,60.06789952516556,61.735597072333434,3,True,True,native
A2_formbiref_TE,ikarus[NV],19,19,19,0.5457652090902942,0.45423479022296187,6.867438839819329e-10,5.2090902942225625e-06,64.56580013036728,61.735597072333434,3,True,True,native
A2_formbiref_TE,ikarus[NV],21,21,21,0.5457652071529518,0.4542347921602852,6.867629798179564e-10,5.207152951824945e-06,61.39720045030117,61.735597072333434,3,True,True,native
A2_formbiref_TE,ikarus[NV],23,23,23,0.5457629453811362,0.45423705393205194,6.868118296310399e-10,2.9453811362101234e-06,61.94759998470545,62.34731636491433,3,True,True,native
A2_formbiref_TE,ikarus[NV],25,25,25,0.5457629447368235,0.45423705457640945,6.867670321319963e-10,2.9447368234958304e-06,62.2851001098752,62.34731636491433,3,True,True,native
A2_formbiref_TE,ikarus[NV],27,27,27,0.5457617746584227,0.45423822465473457,6.868427493422757e-10,1.7746584226596696e-06,69.5813000202179,68.30528342118451,3,True,True,native
A2_formbiref_TE,ikarus[NV],29,29,29,0.5457617744045771,0.45423822490863075,6.867921786835041e-10,1.7744045770484718e-06,70.00970002263784,68.30528342118451,3,True,True,native
A2_formbiref_TE,ikarus[NV],31,31,31,0.5457611099018951,0.4542388894113675,6.8673744468839e-10,1.1099018950577744e-06,65.22190012037754,68.30528342118451,3,False,False,native
A2_formbiref_TE,ikarus[NV],49,49,49,0.5457601473418391,0.45423985197134803,6.868128843429133e-10,1.4734183906295328e-07,76.42639987170696,76.63599960505965,3,True,True,native
A2_formbiref_TE,ikarus[NV],81,81,81,0.5457598241585,0.4542401751550319,6.86468104582616e-10,1.7584150002747378e-07,124.63739980012178,118.18969994783386,3,True,True,native
A2_formbiref_TE,ikarus[NV],121,121,121,0.5457597608225474,0.4542402384905296,6.869230184669561e-10,2.391774526211421e-07,194.89310029894114,185.67770067602393,3,True,True,native
A2_formbiref_TE,ikarus[NV],169,169,169,0.5457597437787192,0.4542402555335135,6.877673430771836e-10,2.562212808587816e-07,361.40390019863844,329.8449004068969,3,True,True,native
A2_formbiref_TE,ikarus[NV],225,225,225,0.5457597381141279,0.45424026119970107,6.861710089012263e-10,2.618858720992989e-07,578.685799613595,533.8127994909881,3,True,True,native
A2_formbiref_TE,ikarus[NV],289,289,289,0.5457597359268773,0.45424026338638274,6.867399426901954e-10,2.6407312270215755e-07,1081.4466997981071,1007.4522998183976,1,True,True,native
A2_formbiref_TE,ikarus[NV],361,361,361,0.5457597349616866,0.45424026435238274,6.859306456163949e-10,2.6503831340729533e-07,1583.5206005722284,1540.7509999349709,1,True,True,native
A2_formbiref_TE,ikarus[NV],441,441,441,0.5457597345078019,0.45424026480191276,6.902853288970334e-10,2.6549219811489166e-07,2084.064400754869,2004.9932003021245,1,True,True,native
A2_formbiref_TE,ikarus[NV],529,529,529,0.545759734329818,0.4542402649865306,6.83651468769142e-10,2.656701820757945e-07,2942.739900201559,2845.013800077141,1,True,True,native
A2_formbiref_TE,ikarus[NV],625,625,625,0.5457597342102917,0.4542402651046438,6.850645051237336e-10,2.6578970835355875e-07,4771.8286998569965,4771.828699856994,1,True,True,native
A2_formbiref_TE,ikarus[NV],729,729,729,0.5457597341289493,0.45424026518505867,6.859920409496567e-10,2.6587105073083706e-07,6570.267099887133,7119.261399842795,1,True,True,native
A2_formbiref_TE,ikarus[NV],841,841,841,0.5457597340590894,0.4542402652933026,6.47608022763535e-10,2.6594091062648317e-07,9362.657999619842,11332.875699736187,1,True,True,native
A2_formbiref_TE,ikarus[NV],961,961,961,0.5457597341201086,0.45424026517918603,7.007053826058041e-10,2.6587989143678215e-07,11908.556799404323,14338.746200315662,1,False,False,native
A2_formbiref_TM,fork[Laurent],1,1,1,0.5393743107485645,0.4606247299100049,9.593414306285908e-07,0.5367455807485645,1.123899593949318,1.1230995878577232,3,True,True,native
A2_formbiref_TM,fork[Laurent],3,3,3,0.0645588801110854,0.9354400625728695,1.057316045049994e-06,0.0619301501110854,1.40330009162426,1.383400522172451,3,True,True,native
A2_formbiref_TM,fork[Laurent],5,5,5,0.018004646085213703,0.9819943282695982,1.025645188112989e-06,0.015375916085213704,1.5940004959702492,1.569199375808239,3,True,True,native
A2_formbiref_TM,fork[Laurent],7,7,7,0.013692742994649947,0.9863062341312275,1.0228741225137838e-06,0.011064012994649947,1.702900044620037,1.6962997615337372,3,True,True,native
A2_formbiref_TM,fork[Laurent],9,9,9,0.008259234294027645,0.9917397546806244,1.0110253479966858e-06,0.005630504294027645,2.0284000784158707,2.0190998911857605,3,True,True,native
A2_formbiref_TM,fork[Laurent],11,11,11,0.007787112099885454,0.9922118770804547,1.0108196598634933e-06,0.005158382099885454,2.264799550175667,2.201199531555176,3,True,True,native
A2_formbiref_TM,fork[Laurent],13,13,13,0.0059927767258540834,0.994006217953057,1.0053210889315878e-06,0.0033640467258540833,2.508999779820442,2.4069994688034058,3,True,True,native
A2_formbiref_TM,fork[Laurent],15,15,15,0.0058721961253899195,0.994126798539461,1.0053351491290385e-06,0.0032434661253899193,2.658100798726082,2.642500214278698,3,True,True,native
A2_formbiref_TM,fork[Laurent],17,17,17,0.005018114455213828,0.9949808832918449,1.002252941306736e-06,0.002389384455213828,4.153399728238583,4.1825007647275925,3,True,True,native
A2_formbiref_TM,fork[Laurent],19,19,19,0.0049664693942248605,0.99503252834727,1.002258505189424e-06,0.0023377393942248604,5.180300213396549,4.714000038802624,3,True,True,native
A2_formbiref_TM,fork[Laurent],21,21,21,0.004479200749323153,0.9955197989263889,1.0003242879585983e-06,0.001850470749323153,5.81979937851429,5.244099535048008,3,True,True,native
A2_formbiref_TM,fork[Laurent],23,23,23,0.004447468100239719,0.9955515315964604,1.0003032998584516e-06,0.0018187381002397187,6.692199967801571,6.495135192411687,3,True,True,native
A2_formbiref_TM,fork[Laurent],25,25,25,0.004137823006694365,0.9958611779974526,9.989958530409737e-07,0.001509093006694365,6.454899907112122,6.495135192411687,3,True,True,native
A2_formbiref_TM,fork[Laurent],27,27,27,0.004113733590025138,0.9958852674545707,9.989554041744952e-07,0.0014850035900251376,8.839000016450882,8.3849283538469,3,True,True,native
A2_formbiref_TM,fork[Laurent],29,29,29,0.0039023669406458798,0.9960966350355795,9.980237746232135e-07,0.0012736369406458796,8.036099374294281,8.3849283538469,3,True,True,native
A2_formbiref_TM,fork[Laurent],31,31,31,0.0038820542677511405,0.9961169477606029,9.979716459884713e-07,0.0012533242677511404,8.859800174832344,8.792299777269362,3,False,False,native
A2_formbiref_TM,fork[Laurent],49,49,49,0.0033429344741975095,0.9966560700260915,9.954997109984376e-07,0.0007142044741975094,19.4109994918108,19.410999491810795,3,True,True,native
A2_formbiref_TM,fork[Laurent],81,81,81,0.0030472860781408546,0.9969517198993084,9.940225507154565e-07,0.0004185560781408545,60.375599190592766,55.79689983278514,3,True,True,native
A2_formbiref_TM,fork[Laurent],121,121,121,0.0029042122754623528,0.9970947944568248,9.932677128565714e-07,0.00027548227546235265,126.45599991083145,116.76299944519992,3,True,True,native
A2_formbiref_TM,fork[Laurent],169,169,169,0.0028239340764711434,0.9971750730881488,9.928353800203737e-07,0.00019520407647114326,275.72680078446865,269.1609002649784,3,True,True,native
A2_formbiref_TM,fork[Laurent],225,225,225,0.0027743312173794414,0.9972246762226497,9.925599708804356e-07,0.00014560121737944125,477.13409923017025,477.1340992301702,3,True,True,native
A2_formbiref_TM,fork[Laurent],289,289,289,0.0027415146887338625,0.9972574929329096,9.923783566012645e-07,0.00011278468873386236,941.4304001256824,908.7805999442936,3,True,True,native
A2_formbiref_TM,fork[Laurent],361,361,361,0.0027186637517360307,0.9972803439787222,9.922695417552418e-07,8.993375173603057e-05,1298.5875997692347,1338.1883995607493,1,True,True,native
A2_formbiref_TM,fork[Laurent],441,441,441,0.0027021049313320227,0.9972969059204262,9.89148241758997e-07,7.337493133202254e-05,1986.9214994832873,2033.097700215876,1,True,True,native
A2_formbiref_TM,fork[Laurent],529,529,529,0.0026897153266133827,0.9973092925701367,9.921032499971005e-07,6.098532661338255e-05,3258.7182000279427,3258.7182000279436,1,True,True,native
A2_formbiref_TM,fork[Laurent],625,625,625,0.00268019811121042,0.9973188098783152,9.9201047432107e-07,5.146811121042004e-05,4252.254299819469,4288.054499775172,1,True,True,native
A2_formbiref_TM,fork[Laurent],729,729,729,0.002672724086877106,0.9973262839756375,9.919374853728513e-07,4.399408687710566e-05,6624.7284999117255,6783.473100513219,1,True,True,native
A2_formbiref_TM,fork[Laurent],841,841,841,0.0026667435788993725,0.9973322644510076,9.919700929561515e-07,3.8013578899372385e-05,8093.931100331247,9816.863799467686,1,True,True,native
A2_formbiref_TM,fork[Laurent],961,961,961,0.002661878845242299,0.9973371401915748,9.809631829060805e-07,3.314884524229867e-05,11013.973300345242,11482.0499997586,1,False,False,native
A2_formbiref_TM,fork[Pol],1,1,1,0.5345888793469357,0.4654101645953573,9.560577070577558e-07,0.5319601493469357,35.452499985694885,25.975731493061925,3,True,True,native
A2_formbiref_TM,fork[Pol],3,3,3,0.059082704781402096,0.9409162395267034,1.0556918944581994e-06,0.05645397478140209,24.789600633084774,25.975731493061925,3,True,True,native
A2_formbiref_TM,fork[Pol],5,5,5,0.016075764040496786,0.9839232122740614,1.0236854417478014e-06,0.013447034040496787,24.687600322067738,25.975731493061925,3,True,True,native
A2_formbiref_TM,fork[Pol],7,7,7,0.012138884837456902,0.9878600945074989,1.0206550441482776e-06,0.009510154837456902,24.46290012449026,25.975731493061925,3,True,True,native
A2_formbiref_TM,fork[Pol],9,9,9,0.0072750229739602735,0.9927239680841939,1.008941845737077e-06,0.004646292973960273,24.690600112080574,25.975731493061925,3,True,True,native
A2_formbiref_TM,fork[Pol],11,11,11,0.0068421252896214415,0.9931568660518862,1.0086584922852637e-06,0.004213395289621441,25.068500079214573,25.975731493061925,3,True,True,native
A2_formbiref_TM,fork[Pol],13,13,13,0.005238330601335269,0.9947606662146365,1.0031840281810034e-06,0.002609600601335269,25.525500066578388,25.975731493061925,3,True,True,native
A2_formbiref_TM,fork[Pol],15,15,15,0.0051302164617901495,0.9948687803628197,1.0031753902017826e-06,0.0025014864617901493,25.41419956833124,25.975731493061925,3,True,True,native
A2_formbiref_TM,fork[Pol],17,17,17,0.004359236034279015,0.995639763910475,1.0000552459477063e-06,0.001730506034279015,37.84369956701994,36.99061874938549,3,True,True,native
A2_formbiref_TM,fork[Pol],19,19,19,0.00431714578038091,0.995681854154567,1.0000650521035936e-06,0.0016884157803809096,36.577699705958366,36.99061874938549,3,True,True,native
A2_formbiref_TM,fork[Pol],21,21,21,0.003868954571587876,0.9961300473704205,9.9805799158581e-07,0.0012402245715878758,28.635100461542606,37.07340080291032,3,True,True,native
A2_formbiref_TM,fork[Pol],23,23,23,0.0038469682312932676,0.9961520337122363,9.98056470469244e-07,0.0012182382312932675,39.01199996471405,39.28277750555894,3,True,True,native
A2_formbiref_TM,fork[Pol],25,25,25,0.0035545517614840607,0.9964444515831193,9.966553965456981e-07,0.0009258217614840606,34.56820081919432,39.28277750555894,3,True,True,native
A2_formbiref_TM,fork[Pol],27,27,27,0.003540650790279474,0.9964583525662789,9.96643441664169e-07,0.0009119207902794739,41.527699679136276,40.88279977440835,3,True,True,native
A2_formbiref_TM,fork[Pol],29,29,29,0.00333447111082681,0.996664533283276,9.956058971694048e-07,0.0007057411108268097,52.02419962733984,47.36864032769833,3,True,True,native
A2_formbiref_TM,fork[Pol],31,31,31,0.0033245678802501584,0.9966744365323732,9.955873766509526e-07,0.0006958378802501583,43.1296993046999,47.36864032769833,3,False,False,native
A2_formbiref_TM,fork[Pol],49,49,49,0.0027923458963782467,0.9972066613860316,9.9271759013142e-07,0.00016361589637824657,47.73740004748106,53.86540014296771,3,True,True,native
A2_formbiref_TM,fork[Pol],81,81,81,0.0025323560421475215,0.9974666528403558,9.91117496629279e-07,9.637395785247862e-05,92.54409931600094,91.40070062130688,3,True,True,native
A2_formbiref_TM,fork[Pol],121,121,121,0.00252040413321574,0.9974786048386196,9.910281646430263e-07,0.00010832586678426008,164.4096001982689,164.40960019826886,3,True,True,native
A2_formbiref_TM,fork[Pol],169,169,169,0.0026052919235459928,0.9973937165039856,9.91572468467261e-07,2.343807645400738e-05,350.32409988343716,323.3860004693269,3,True,True,native
A2_formbiref_TM,fork[Pol],225,225,225,0.002664560424689255,0.9973344476285776,9.919467331975795e-07,3.583042468925483e-05,550.3911003470421,559.1336004436018,3,True,True,native
A2_formbiref_TM,fork[Pol],289,289,289,0.0026404874586505606,0.9973585207391403,9.918022091381928e-07,1.17574586505605e-05,1005.5825002491474,1005.8741001412272,1,True,True,native
A2_formbiref_TM,fork[Pol],361,361,361,0.002612692518648757,0.9973863158395965,9.916417548216927e-07,1.603748135124315e-05,1589.1225999221206,1587.937099859118,1,True,True,native
A2_formbiref_TM,fork[Pol],441,441,441,0.002631651367696462,0.9973673568956589,9.917366445844067e-07,2.921367696461733e-06,2214.488100260496,2336.409400217235,1,True,True,native
A2_formbiref_TM,fork[Pol],529,529,529,0.0026332686210527507,0.9973657396163887,9.91762558522069e-07,4.538621052750571e-06,3288.376899436116,3400.782399810852,1,True,True,native
A2_formbiref_TM,fork[Pol],625,625,625,0.002624029530097374,0.9973749787507618,9.917191409192228e-07,4.700469902626202e-06,4887.874700129032,4909.868500195443,1,True,True,native
A2_formbiref_TM,fork[Pol],729,729,729,0.0026319459830669687,0.9973670622755632,9.91741369915644e-07,3.21598306696853e-06,6664.621500298381,6929.2636997997715,1,True,True,native
A2_formbiref_TM,fork[Pol],841,841,841,0.002626886495369971,0.9973721218255074,9.916791225972332e-07,1.8435046300292399e-06,22900.285200215876,13566.083239533378,1,True,True,native
A2_formbiref_TM,fork[Pol],961,961,961,0.002629942658127441,0.9973690665303373,9.908115352619262e-07,1.2126581274410006e-06,12431.372200138867,13566.083239533378,1,False,False,native
A2_formbiref_TM,ikarus[Laurent],1,1,1,0.5393748278919682,0.460625171549606,5.584257500856893e-10,0.5367460978919683,2.428300678730011,2.46219988912344,3,True,True,native
A2_formbiref_TM,ikarus[Laurent],3,3,3,0.06455894472460688,0.9354410535351945,1.7401986518450485e-09,0.06193021472460688,2.902599982917309,2.949199639260769,3,True,True,native
A2_formbiref_TM,ikarus[Laurent],5,5,5,0.018004659584556885,0.981995338000105,2.415338151706692e-09,0.015375929584556886,3.138899803161621,3.250500187277794,3,True,True,native
A2_formbiref_TM,ikarus[Laurent],7,7,7,0.013692752477009372,0.9863072451764278,2.34656283293333e-09,0.011064022477009373,3.5426998510956764,3.554600290954113,3,True,True,native
A2_formbiref_TM,ikarus[Laurent],9,9,9,0.008259238106733567,0.9917407594670444,2.4262220010839997e-09,0.005630508106733567,3.985900431871414,3.9859004318714146,3,True,True,native
A2_formbiref_TM,ikarus[Laurent],11,11,11,0.007787115568944303,0.9922128820196021,2.411453592365831e-09,0.005158385568944303,4.177100025117397,4.190700128674507,3,True,True,native
A2_formbiref_TM,ikarus[Laurent],13,13,13,0.005992778380347623,0.9940072191887837,2.4308687285312658e-09,0.003364048380347623,4.474000073969364,4.476699978113174,3,True,True,native
A2_formbiref_TM,ikarus[Laurent],15,15,15,0.0058721977172455425,0.9941277998528703,2.429884182753028e-09,0.0032434677172455424,4.74380049854517,4.8065995797514915,3,True,True,native
A2_formbiref_TM,ikarus[Laurent],17,17,17,0.005018115201397522,0.9949818823639228,2.434679680085594e-09,0.002389385201397522,6.838799454271793,6.550553021249705,3,True,True,native
A2_formbiref_TM,ikarus[Laurent],19,19,19,0.004966470119908389,0.9950335274424102,2.437681390077273e-09,0.0023377401199083893,6.395500153303146,6.550553021249705,3,True,True,native
A2_formbiref_TM,ikarus[Laurent],21,21,21,0.004479201000088215,0.995520796562496,2.4374157137074803e-09,0.0018504710000882153,9.091099724173546,8.117799647152424,3,True,True,native
A2_formbiref_TM,ikarus[Laurent],23,23,23,0.004447468338204517,0.9955525292203995,2.441395974273064e-09,0.0018187383382045168,9.605500847101212,8.484444764169808,3,True,True,native
A2_formbiref_TM,ikarus[Laurent],25,25,25,0.004137822946532705,0.9958621746137879,2.4396793474323886e-09,0.0015090929465327047,8.322000503540039,8.484444764169808,3,True,True,native
A2_formbiref_TM,ikarus[Laurent],27,27,27,0.004113733518483955,0.9958862640374041,2.4441119128582045e-09,0.001485003518483955,9.739100001752377,9.552500210702421,3,True,True,native
A2_formbiref_TM,ikarus[Laurent],29,29,29,0.0039023666676207755,0.996097630890777,2.4416022537110393e-09,0.0012736366676207754,12.422899715602398,12.422899715602396,3,True,True,native
A2_formbiref_TM,ikarus[Laurent],31,31,31,0.003882053983376835,0.9961179435718747,2.4447485147405246e-09,0.001253323983376835,13.521499931812286,13.318499550223349,3,False,False,native
A2_formbiref_TM,ikarus[Laurent],49,49,49,0.0033429337012253584,0.9966570638519471,2.4468275183764376e-09,0.0007142037012253582,21.77860029041767,21.800199523568157,3,True,True,native
A2_formbiref_TM,ikarus[Laurent],81,81,81,0.003047285045086944,0.996952712503378,2.4515350860454532e-09,0.00041855504508694387,65.3336001560092,64.02330007404086,3,True,True,native
A2_formbiref_TM,ikarus[Laurent],121,121,121,0.0029042111191196532,0.9970957864302482,2.4506321416595256e-09,0.0002754811191196531,138.20499926805496,134.4826994463801,3,True,True,native
A2_formbiref_TM,ikarus[Laurent],169,169,169,0.0028239328457714138,0.9971760646980562,2.45617237659701e-09,0.00019520284577141363,292.3496998846531,270.5553006380797,3,True,True,native
A2_formbiref_TM,ikarus[Laurent],225,225,225,0.0027743299525382742,0.9972256675754673,2.4719944979878505e-09,0.00014559995253827411,507.1515003219247,470.39739973843075,3,True,True,native
A2_formbiref_TM,ikarus[Laurent],289,289,289,0.0027415133875281286,0.9972584841785154,2.4339564808073533e-09,0.00011278338752812849,910.1825999096036,878.209199756385,3,True,True,native
A2_formbiref_TM,ikarus[Laurent],361,361,361,0.0027186624257145597,0.9972813350678899,2.5063955355619782e-09,8.993242571455956e-05,1271.718400530517,1269.857499748468,1,True,True,native
A2_formbiref_TM,ikarus[Laurent],441,441,441,0.002702103566471066,0.997297894034963,2.398565901451377e-09,7.337356647106608e-05,2157.062199898064,2044.4996003061535,1,True,True,native
A2_formbiref_TM,ikarus[Laurent],529,529,529,0.002689713995788483,0.997310283573546,2.4306655577177594e-09,6.098399578848305e-05,3056.657100096345,3022.155500017107,1,True,True,native
A2_formbiref_TM,ikarus[Laurent],625,625,625,0.002680196771536864,0.9973198009558822,2.2725809012413833e-09,5.146677153686392e-05,4355.002700351179,4504.767999984328,1,True,True,native
A2_formbiref_TM,ikarus[Laurent],729,729,729,0.00267272285763412,0.997327274737254,2.4051118874268695e-09,4.399285763412005e-05,5742.384199984372,6371.958800591528,1,True,True,native
A2_formbiref_TM,ikarus[Laurent],841,841,841,0.0026667420600935067,0.9973332551365202,2.803386300875843e-09,3.801206009350659e-05,8789.958899840713,10808.291099965587,1,True,True,native
A2_formbiref_TM,ikarus[Laurent],961,961,961,0.0026618776773358705,0.9973381195513243,2.7713398242923404e-09,3.3147677335870415e-05,11705.490499734879,14386.265600100187,1,False,False,native
A2_formbiref_TM,ikarus[Li],1,1,1,0.028307754436720133,0.9716922431253359,2.437943957822597e-09,0.025679024436720134,3.90740018337965,3.90740018337965,3,True,True,native
A2_formbiref_TM,ikarus[Li],3,3,3,0.0005505606093759174,0.9994494368912701,2.499353946028293e-09,0.002078169390624083,4.741800017654896,4.741800017654895,3,True,True,native
A2_formbiref_TM,ikarus[Li],5,5,5,0.0019177431460914473,0.9980822543904491,2.4634594364414397e-09,0.0007109868539085528,4.755799658596516,5.163599736988544,3,True,True,native
A2_formbiref_TM,ikarus[Li],7,7,7,0.0023108329198567117,0.9976891646223673,2.4577759827337786e-09,0.0003178970801432884,5.790700204670429,5.701259554794056,3,True,True,native
A2_formbiref_TM,ikarus[Li],9,9,9,0.0024239275478296954,0.997576069996637,2.455533332224036e-09,0.0002048024521703047,5.446299910545349,5.701259554794056,3,True,True,native
A2_formbiref_TM,ikarus[Li],11,11,11,0.0025226317977616883,0.9974773657482479,2.4539904552867142e-09,0.00010609820223831182,5.986100062727928,5.79950027167797,3,True,True,native
A2_formbiref_TM,ikarus[Li],13,13,13,0.002540495930102665,0.9974595016161814,2.453716008155027e-09,8.823406989733528e-05,5.928800441324711,6.173299625515938,3,True,True,native
A2_formbiref_TM,ikarus[Li],15,15,15,0.002578798926705628,0.9974211986201426,2.4531517928139124e-09,4.993107329437233e-05,6.420699879527092,6.304799579083919,3,True,True,native
A2_formbiref_TM,ikarus[Li],17,17,17,0.002582154898938297,0.9974178426479655,2.4530961706403787e-09,4.657510106170293e-05,8.915700018405914,9.097287298795644,3,True,True,native
A2_formbiref_TM,ikarus[Li],19,19,19,0.0026007759624857934,0.9973992215847396,2.4527746500524472e-09,2.7954037514206758e-05,10.762900114059448,9.097287298795644,3,True,True,native
A2_formbiref_TM,ikarus[Li],21,21,21,0.0026010033574422513,0.9973989941897208,2.4528369335641287e-09,2.7726642557748815e-05,8.537599816918373,9.097287298795644,3,True,True,native
A2_formbiref_TM,ikarus[Li],23,23,23,0.002611381688279754,0.9973886158590891,2.452631098215363e-09,1.7348311720246333e-05,11.185400187969208,10.317508181644538,3,True,True,native
A2_formbiref_TM,ikarus[Li],25,25,25,0.002610871839242037,0.997389125708033,2.4527250230832465e-09,1.78581607579633e-05,10.113700293004513,10.317508181644538,3,True,True,native
A2_formbiref_TM,ikarus[Li],27,27,27,0.0026172119921436597,0.997382785554944,2.4529123177075007e-09,1.1518007856340436e-05,14.407600276172161,12.79244377020361,3,True,True,native
A2_formbiref_TM,ikarus[Li],29,29,29,0.002616576921255367,0.9973834206259939,2.4527506692351153e-09,1.21530787446332e-05,13.153700157999992,12.79244377020361,3,True,True,native
A2_formbiref_TM,ikarus[Li],31,31,31,0.0026207140973496398,0.9973792834506041,2.4520462327259906e-09,8.015902650360378e-06,12.553599663078785,12.79244377020361,3,False,False,native
A2_formbiref_TM,ikarus[Li],49,49,49,0.002625968714507841,0.997374028832311,2.453181213724065e-09,2.7612854921589894e-06,23.815699853003025,23.672900162637234,3,True,True,native
A2_formbiref_TM,ikarus[Li],81,81,81,0.002628319672568974,0.9973716778738453,2.4535857789942384e-09,4.103274310260363e-07,68.393399938941,65.7473001629114,3,True,True,native
A2_formbiref_TM,ikarus[Li],121,121,121,0.002628791302547202,0.99737120624713,2.4503227225025626e-09,6.130254720168593e-08,140.28550032526255,136.5331001579761,3,True,True,native
A2_formbiref_TM,ikarus[Li],169,169,169,0.0026288769306616368,0.9973711206159155,2.453422909276526e-09,1.4693066163664475e-07,295.89209984987974,276.05810016393656,3,True,True,native
A2_formbiref_TM,ikarus[Li],225,225,225,0.00262887175308684,0.9973711257988476,2.4480656390934996e-09,1.417530868397937e-07,504.3651992455125,477.4115998297929,3,True,True,native
A2_formbiref_TM,ikarus[Li],289,289,289,0.0026288469118770385,0.9973711506476554,2.4404676057798724e-09,1.1691187703838021e-07,1014.5065002143383,914.480400271714,1,True,True,native
A2_formbiref_TM,ikarus[Li],361,361,361,0.002628821017805518,0.9973711765254256,2.456768899428141e-09,9.101780551771729e-08,1462.0912000536919,1451.5402996912596,1,True,True,native
A2_formbiref_TM,ikarus[Li],441,441,441,0.002628798626474315,0.9973711988901479,2.4833777256816347e-09,6.862647431490204e-08,1908.9246997609735,1866.031300276518,1,True,True,native
A2_formbiref_TM,ikarus[Li],529,529,529,0.0026287803005048045,0.9973712173075351,2.3919600744548575e-09,5.030050480433687e-08,3155.779899097979,2997.0600996166445,1,True,True,native
A2_formbiref_TM,ikarus[Li],625,625,625,0.0026287655805269927,0.9973712318989081,2.5205648679360593e-09,3.558052699258879e-08,4560.215099714696,4560.215099714699,1,True,True,native
A2_formbiref_TM,ikarus[Li],729,729,729,0.0026287538116669946,0.9973712436944089,2.493924178281759e-09,2.381166699450335e-08,6405.4896999150515,6962.597399950032,1,True,True,native
A2_formbiref_TM,ikarus[Li],841,841,841,0.002628744291152107,0.9973712530172746,2.6915732975751894e-09,1.4291152106767763e-08,8974.08670000732,10781.145100481826,1,True,True,native
A2_formbiref_TM,ikarus[Li],961,961,961,0.0026287366718017553,0.9973712607003805,2.6278177411853676e-09,6.671801755162021e-09,11601.340100169182,13855.224200524392,1,False,False,native
A2_formbiref_TM,ikarus[NV],1,1,1,0.028307754436720133,0.9716922431253359,2.437943957822597e-09,0.025679024436720134,56.45909998565912,55.858599953353405,3,True,True,native
A2_formbiref_TM,ikarus[NV],3,3,3,0.0005505606093759174,0.9994494368912701,2.499353946028293e-09,0.002078169390624083,56.90489988774061,56.98959995061158,3,True,True,native
A2_formbiref_TM,ikarus[NV],5,5,5,0.00191774314609181,0.9980822543904593,2.4634488893227058e-09,0.0007109868539081901,57.16979969292879,57.055599987506845,3,True,True,native
A2_formbiref_TM,ikarus[NV],7,7,7,0.0023108329198566983,0.99768916462236,2.457783310205741e-09,0.00031789708014330186,57.838199660182,57.41250049322844,3,True,True,native
A2_formbiref_TM,ikarus[NV],9,9,9,0.0024239275478294495,0.9975760699966332,2.4555373290269245e-09,0.0002048024521705506,58.32360032945871,58.30054704841294,3,True,True,native
A2_formbiref_TM,ikarus[NV],11,11,11,0.0025226317977612316,0.9974773657482414,2.453997338669467e-09,0.00010609820223876848,58.338599279522896,58.30054704841294,3,True,True,native
A2_formbiref_TM,ikarus[NV],13,13,13,0.002540495930101947,0.9974595016161885,2.453709568861484e-09,8.823406989805303e-05,58.770700357854366,58.70960000902413,3,True,True,native
A2_formbiref_TM,ikarus[NV],15,15,15,0.0025787989267074363,0.9974211986201984,2.4530941722389343e-09,4.993107329256388e-05,59.61670074611902,59.49340015649798,3,True,True,native
A2_formbiref_TM,ikarus[NV],17,17,17,0.0025821548989254563,0.9974178426479708,2.453103720156946e-09,4.657510107454379e-05,62.41040024906397,61.735597072333434,3,True,True,native
A2_formbiref_TM,ikarus[NV],19,19,19,0.0026007759624969186,0.997399221584597,2.4529059894362604e-09,2.7954037503081543e-05,60.484400019049644,61.735597072333434,3,True,True,native
A2_formbiref_TM,ikarus[NV],21,21,21,0.0026010033574447896,0.9973989941896787,2.4528764575038053e-09,2.772664255521048e-05,61.00379955023527,61.735597072333434,3,True,True,native
A2_formbiref_TM,ikarus[NV],23,23,23,0.0026113816882905334,0.9973886158589462,2.4527632147552936e-09,1.734831170946676e-05,62.655200250446796,62.34731636491433,3,True,True,native
A2_formbiref_TM,ikarus[NV],25,25,25,0.0026108718392439303,0.9973891257080946,2.452661518326238e-09,1.785816075606985e-05,62.68629990518093,62.34731636491433,3,True,True,native
A2_formbiref_TM,ikarus[NV],27,27,27,0.002617211992164428,0.9973827855550965,2.4527390118933567e-09,1.1518007835572327e-05,72.33630027621984,68.30528342118451,3,True,True,native
A2_formbiref_TM,ikarus[NV],29,29,29,0.0026165769212737507,0.9973834206259864,2.4527399000717764e-09,1.2153078726249468e-05,70.54449990391731,68.30528342118451,3,True,True,native
A2_formbiref_TM,ikarus[NV],31,31,31,0.0026207140973919163,0.9973792834494611,2.453146907832604e-09,8.015902608083866e-06,71.49920053780079,68.30528342118451,3,False,False,native
A2_formbiref_TM,ikarus[NV],49,49,49,0.0026259687144943355,0.9973740288323154,2.4531902065305644e-09,2.761285505664679e-06,76.63599960505962,76.63599960505965,3,True,True,native
A2_formbiref_TM,ikarus[NV],81,81,81,0.0026283196731671753,0.9973716778750692,2.4517636809662235e-09,4.103268328248602e-07,127.11900006979704,118.18969994783386,3,True,True,native
A2_formbiref_TM,ikarus[NV],121,121,121,0.0026287913026229208,0.9973712062416225,2.4557545996728436e-09,6.130262292063093e-08,204.16830014437437,185.67770067602393,3,True,True,native
A2_formbiref_TM,ikarus[NV],169,169,169,0.002628876928520057,0.9973711206198931,2.4515868224384008e-09,1.4692852005676257e-07,355.8885995298624,329.8449004068969,3,True,True,native
A2_formbiref_TM,ikarus[NV],225,225,225,0.0026288717529931328,0.9973711257817868,2.4652201391361928e-09,1.4175299313263362e-07,574.0208001807332,533.8127994909881,3,True,True,native
A2_formbiref_TM,ikarus[NV],289,289,289,0.0026288469113020974,0.9973711506358421,2.4528558073555473e-09,1.1691130209724385e-07,978.6014994606376,1007.4522998183976,3,True,True,native
A2_formbiref_TM,ikarus[NV],361,361,361,0.0026288210070688984,0.997371176488887,2.5040441942181246e-09,9.100706889822452e-08,1462.1106004342437,1540.7509999349709,1,True,True,native
A2_formbiref_TM,ikarus[NV],441,441,441,0.0026287986182690153,0.997371198974939,2.4067919879300348e-09,6.861826901518112e-08,2024.7063003480434,2004.9932003021245,1,True,True,native
A2_formbiref_TM,ikarus[NV],529,529,529,0.0026287803146314037,0.9973712171674716,2.517897002007885e-09,5.0314631403532845e-08,2915.7664999365807,2845.013800077141,1,True,True,native
A2_formbiref_TM,ikarus[NV],625,625,625,0.0026287655470179088,0.9973712319788374,2.474144666919642e-09,3.554701790862633e-08,4728.843600489199,4771.828699856994,1,True,True,native
A2_formbiref_TM,ikarus[NV],729,729,729,0.002628753762681767,0.9973712436925969,2.5447213225504584e-09,2.3762681766736904e-08,6532.893100753427,7119.261399842795,1,True,True,native
A2_formbiref_TM,ikarus[NV],841,841,841,0.0026287442572522925,0.9973712536781023,2.064645343580196e-09,1.4257252292388528e-08,9349.91000033915,11332.875699736187,1,True,True,native
A2_formbiref_TM,ikarus[NV],961,961,961,0.0026287366858800567,0.9973712607172956,2.596824311140722e-09,6.685880056620658e-09,11751.455400139093,14338.746200315662,1,False,False,native
B1_Si_grating_TE,fork[Laurent],1,1,1,0.5306844354286381,0.4693143741399371,1.1904314248245562e-06,0.15091943542863806,1.1104000732302666,1.1230995878577232,3,True,True,native
B1_Si_grating_TE,fork[Laurent],3,3,3,0.3175982986238077,0.6824005490952895,1.1522809028052805e-06,0.062166701376192346,1.4403006061911583,1.383400522172451,3,True,True,native
B1_Si_grating_TE,fork[Laurent],5,5,5,0.4187945003682648,0.5812032611636851,2.2384680500309173e-06,0.0390295003682648,1.5590004622936249,1.569199375808239,3,True,True,native
B1_Si_grating_TE,fork[Laurent],7,7,7,0.33418921421505215,0.665809577135726,1.208649221817737e-06,0.045575785784947864,1.6642995178699493,1.6962997615337372,3,True,True,native
B1_Si_grating_TE,fork[Laurent],9,9,9,0.7878887803261363,0.21210897704635517,2.24262750853077e-06,0.4081237803261363,2.0304005593061447,2.0190998911857605,3,True,True,native
B1_Si_grating_TE,fork[Laurent],11,11,11,0.39768199965213125,0.6023164285585267,1.5717893420141849e-06,0.017916999652131227,2.201199531555176,2.201199531555176,3,True,True,native
B1_Si_grating_TE,fork[Laurent],13,13,13,0.3862164139480056,0.6137820401903835,1.5458616109409462e-06,0.00645141394800558,2.3608002811670303,2.4069994688034058,3,True,True,native
B1_Si_grating_TE,fork[Laurent],15,15,15,0.38291750007668823,0.6170809736925531,1.5262307586638713e-06,0.003152500076688214,2.6101004332304,2.642500214278698,3,True,True,native
B1_Si_grating_TE,fork[Laurent],17,17,17,0.38196393027000336,0.6180345458008325,1.523929164193305e-06,0.002198930270003341,4.702500067651272,4.1825007647275925,3,True,True,native
B1_Si_grating_TE,fork[Laurent],19,19,19,0.3809974796861655,0.6190010007946751,1.519519159387528e-06,0.0012324796861654663,4.662699997425079,4.714000038802624,3,True,True,native
B1_Si_grating_TE,fork[Laurent],21,21,21,0.38080635275550817,0.6191921281281767,1.5191163151850873e-06,0.0010413527555081514,5.158500745892525,5.244099535048008,3,True,True,native
B1_Si_grating_TE,fork[Laurent],23,23,23,0.3804001774275258,0.6195983050478246,1.5175246494969485e-06,0.0006351774275257793,6.580399349331856,6.495135192411687,3,True,True,native
B1_Si_grating_TE,fork[Laurent],25,25,25,0.38034442296702453,0.6196540596138991,1.5174190763911355e-06,0.0005794229670245121,6.237800233066082,6.495135192411687,3,True,True,native
B1_Si_grating_TE,fork[Laurent],27,27,27,0.3801418629589797,0.6198566203426104,1.516698409975703e-06,0.0003768629589797068,8.496900089085102,8.3849283538469,3,True,True,native
B1_Si_grating_TE,fork[Laurent],29,29,29,0.3801215695928163,0.6198769137441966,1.516662987088857e-06,0.0003565695928162693,8.367100730538368,8.3849283538469,3,True,True,native
B1_Si_grating_TE,fork[Laurent],31,31,31,0.38000893087311644,0.6199895528391904,1.5162876930707725e-06,0.00024393087311641581,8.792299777269363,8.792299777269362,3,False,False,native
B1_Si_grating_TE,fork[Laurent],49,49,49,0.3798328104356708,0.6201656737950848,1.5157692444534021e-06,6.781043567077871e-05,19.1016998142004,19.410999491810795,3,True,True,native
B1_Si_grating_TE,fork[Laurent],81,81,81,0.37977931966056694,0.6202191647190681,1.5156203648780675e-06,1.4319660566919357e-05,56.009900756180286,55.79689983278514,3,True,True,native
B1_Si_grating_TE,fork[Laurent],121,121,121,0.37976910089039223,0.6202293835164431,1.5155931646360088e-06,4.100890392211287e-06,122.15290032327175,116.76299944519992,3,True,True,native
B1_Si_grating_TE,fork[Laurent],169,169,169,0.3797663780971594,0.6202321063167805,1.5155860600968296e-06,1.3780971593879698e-06,266.1202000454068,269.1609002649784,3,True,True,native
B1_Si_grating_TE,fork[Laurent],225,225,225,0.37976547674248756,0.6202330076738292,1.5155836832203562e-06,4.767424875429249e-07,455.86359966546297,477.1340992301702,3,True,True,native
B1_Si_grating_TE,fork[Laurent],289,289,289,0.37976512856742406,0.6202333558494559,1.5155831200042158e-06,1.2856742404032673e-07,900.0629000365734,908.7805999442936,3,True,True,native
B1_Si_grating_TE,fork[Laurent],361,361,361,0.37976497754804,0.6202335068698237,1.5155821362355937e-06,2.245196001338101e-08,1383.118299767375,1338.1883995607493,1,True,True,native
B1_Si_grating_TE,fork[Laurent],441,441,441,0.3797649058410537,0.6202335785764896,1.5155824566459586e-06,9.415894630659949e-08,2033.097700215876,2033.097700215876,1,True,True,native
B1_Si_grating_TE,fork[Laurent],529,529,529,0.3797648692255334,0.6202336151928165,1.5155816501799535e-06,1.307744666445565e-07,3317.4706995487213,3258.7182000279436,1,True,True,native
B1_Si_grating_TE,fork[Laurent],625,625,625,0.37976484937824745,0.6202336350412483,1.5155805042077475e-06,1.5062175257041233e-07,4315.441399812698,4288.054499775172,1,True,True,native
B1_Si_grating_TE,fork[Laurent],729,729,729,0.3797648380632397,0.6202336463544618,1.5155822985501999e-06,1.6193676033449123e-07,6881.30209967494,6783.473100513219,1,True,True,native
B1_Si_grating_TE,fork[Laurent],841,841,841,0.37976483133602407,0.6202336530800279,1.5155839481195699e-06,1.686639759523878e-07,8785.38120072335,9816.863799467686,1,True,True,native
B1_Si_grating_TE,fork[Laurent],961,961,961,0.37976482718652377,0.6202336572321682,1.5155813081202396e-06,1.7281347625131005e-07,11482.049999758601,11482.0499997586,1,False,False,native
B1_Si_grating_TE,fork[Pol],1,1,1,0.5306844354286381,0.4693143741399371,1.1904314248245562e-06,0.15091943542863806,35.86590010672808,25.975731493061925,3,True,True,native
B1_Si_grating_TE,fork[Pol],3,3,3,0.3175982986238077,0.6824005490952895,1.1522809028052805e-06,0.062166701376192346,24.090100079774857,25.975731493061925,3,True,True,native
B1_Si_grating_TE,fork[Pol],5,5,5,0.4187945003682648,0.5812032611636851,2.2384680500309173e-06,0.0390295003682648,24.223100394010544,25.975731493061925,3,True,True,native
B1_Si_grating_TE,fork[Pol],7,7,7,0.33418921421505215,0.665809577135726,1.208649221817737e-06,0.045575785784947864,24.472500197589397,25.975731493061925,3,True,True,native
B1_Si_grating_TE,fork[Pol],9,9,9,0.7878887803261363,0.21210897704635517,2.24262750853077e-06,0.4081237803261363,24.62050039321184,25.975731493061925,3,True,True,native
B1_Si_grating_TE,fork[Pol],11,11,11,0.39768199965213125,0.6023164285585267,1.5717893420141849e-06,0.017916999652131227,24.488999508321285,25.975731493061925,3,True,True,native
B1_Si_grating_TE,fork[Pol],13,13,13,0.3862164139480056,0.6137820401903835,1.5458616109409462e-06,0.00645141394800558,28.2748993486166,25.975731493061925,3,True,True,native
B1_Si_grating_TE,fork[Pol],15,15,15,0.38291750007668823,0.6170809736925531,1.5262307586638713e-06,0.003152500076688214,25.558199733495712,25.975731493061925,3,True,True,native
B1_Si_grating_TE,fork[Pol],17,17,17,0.38196393027000336,0.6180345458008325,1.523929164193305e-06,0.002198930270003341,38.635299541056156,36.99061874938549,3,True,True,native
B1_Si_grating_TE,fork[Pol],19,19,19,0.3809974796861655,0.6190010007946751,1.519519159387528e-06,0.0012324796861654663,38.511100225150585,36.99061874938549,3,True,True,native
B1_Si_grating_TE,fork[Pol],21,21,21,0.38080635275550817,0.6191921281281767,1.5191163151850873e-06,0.0010413527555081514,40.02660047262907,37.07340080291032,3,True,True,native
B1_Si_grating_TE,fork[Pol],23,23,23,0.3804001774275258,0.6195983050478246,1.5175246494969485e-06,0.0006351774275257793,39.957599714398384,39.28277750555894,3,True,True,native
B1_Si_grating_TE,fork[Pol],25,25,25,0.38034442296702453,0.6196540596138991,1.5174190763911355e-06,0.0005794229670245121,38.97219989448786,39.28277750555894,3,True,True,native
B1_Si_grating_TE,fork[Pol],27,27,27,0.3801418629589797,0.6198566203426104,1.516698409975703e-06,0.0003768629589797068,42.95349959284067,40.88279977440835,3,True,True,native
B1_Si_grating_TE,fork[Pol],29,29,29,0.3801215695928163,0.6198769137441966,1.516662987088857e-06,0.0003565695928162693,60.35180017352104,47.36864032769833,3,True,True,native
B1_Si_grating_TE,fork[Pol],31,31,31,0.38000893087311644,0.6199895528391904,1.5162876930707725e-06,0.00024393087311641581,43.328200466930866,47.36864032769833,3,False,False,native
B1_Si_grating_TE,fork[Pol],49,49,49,0.3798328104356708,0.6201656737950848,1.5157692444534021e-06,6.781043567077871e-05,43.6927005648613,53.86540014296771,3,True,True,native
B1_Si_grating_TE,fork[Pol],81,81,81,0.37977931966056694,0.6202191647190681,1.5156203648780675e-06,1.4319660566919357e-05,93.86599995195866,91.40070062130688,3,True,True,native
B1_Si_grating_TE,fork[Pol],121,121,121,0.37976910089039223,0.6202293835164431,1.5155931646360088e-06,4.100890392211287e-06,166.3489006459713,164.40960019826886,3,True,True,native
B1_Si_grating_TE,fork[Pol],169,169,169,0.3797663780971594,0.6202321063167805,1.5155860600968296e-06,1.3780971593879698e-06,323.386000469327,323.3860004693269,3,True,True,native
B1_Si_grating_TE,fork[Pol],225,225,225,0.37976547674248756,0.6202330076738292,1.5155836832203562e-06,4.767424875429249e-07,559.1336004436016,559.1336004436018,3,True,True,native
B1_Si_grating_TE,fork[Pol],289,289,289,0.37976512856742406,0.6202333558494559,1.5155831200042158e-06,1.2856742404032673e-07,995.0267001986504,1005.8741001412272,3,True,True,native
B1_Si_grating_TE,fork[Pol],361,361,361,0.37976497754804,0.6202335068698237,1.5155821362355937e-06,2.245196001338101e-08,1632.7706994488835,1587.937099859118,1,True,True,native
B1_Si_grating_TE,fork[Pol],441,441,441,0.3797649058410537,0.6202335785764896,1.5155824566459586e-06,9.415894630659949e-08,2322.1052000299096,2336.409400217235,1,True,True,native
B1_Si_grating_TE,fork[Pol],529,529,529,0.3797648692255334,0.6202336151928165,1.5155816501799535e-06,1.307744666445565e-07,3395.6383001059294,3400.782399810852,1,True,True,native
B1_Si_grating_TE,fork[Pol],625,625,625,0.37976484937824745,0.6202336350412483,1.5155805042077475e-06,1.5062175257041233e-07,4818.502999842167,4909.868500195443,1,True,True,native
B1_Si_grating_TE,fork[Pol],729,729,729,0.3797648380632397,0.6202336463544618,1.5155822985501999e-06,1.6193676033449123e-07,7032.1258995682,6929.2636997997715,1,True,True,native
B1_Si_grating_TE,fork[Pol],841,841,841,0.37976483133602407,0.6202336530800279,1.5155839481195699e-06,1.686639759523878e-07,21301.609099842608,13566.083239533378,1,True,True,native
B1_Si_grating_TE,fork[Pol],961,961,961,0.37976482718652377,0.6202336572321682,1.5155813081202396e-06,1.7281347625131005e-07,12781.508499756455,13566.083239533378,1,False,False,native
B1_Si_grating_TE,ikarus[Laurent],1,1,1,0.5306850666707603,0.4693149323832638,9.459758532059936e-10,0.1509200666707603,2.848699688911438,2.46219988912344,3,True,True,native
B1_Si_grating_TE,ikarus[Laurent],3,3,3,0.31759868526806556,0.6824013130445248,1.6874096564478691e-09,0.06216631473193446,3.4170001745224,2.949199639260769,3,True,True,native
B1_Si_grating_TE,ikarus[Laurent],5,5,5,0.41879560258708454,0.5812043944888778,2.924037678653235e-09,0.03903060258708452,3.250500187277794,3.250500187277794,3,True,True,native
B1_Si_grating_TE,ikarus[Laurent],7,7,7,0.3341896317669735,0.6658103660423482,2.1906783054248535e-09,0.04557536823302649,3.554600290954113,3.554600290954113,3,True,True,native
B1_Si_grating_TE,ikarus[Laurent],9,9,9,0.7878907626904808,0.21210923237545495,4.9340642960249426e-09,0.40812576269048073,3.958599641919136,3.9859004318714146,3,True,True,native
B1_Si_grating_TE,ikarus[Laurent],11,11,11,0.3976825455040164,0.6023174515901442,2.905839457945092e-09,0.017917545504016363,4.3438998982310295,4.190700128674507,3,True,True,native
B1_Si_grating_TE,ikarus[Laurent],13,13,13,0.38621693866938234,0.61378305852371,2.806907706265349e-09,0.006451938669382318,4.476699978113174,4.476699978113174,3,True,True,native
B1_Si_grating_TE,ikarus[Laurent],15,15,15,0.3829180162303502,0.6170819809782045,2.7914451861121847e-09,0.003153016230350192,4.755399189889431,4.8065995797514915,3,True,True,native
B1_Si_grating_TE,ikarus[Laurent],17,17,17,0.38196444473824703,0.6180355524760974,2.785655484061067e-09,0.002199444738247014,7.02429935336113,6.550553021249705,3,True,True,native
B1_Si_grating_TE,ikarus[Laurent],19,19,19,0.3809979919651465,0.6190020052528276,2.7820259429489624e-09,0.0012329919651464794,6.105599924921989,6.550553021249705,3,True,True,native
B1_Si_grating_TE,ikarus[Laurent],21,21,21,0.38080686470363845,0.6191931325154275,2.7809340386042436e-09,0.0010418647036384288,8.089200593531132,8.117799647152424,3,True,True,native
B1_Si_grating_TE,ikarus[Laurent],23,23,23,0.38040068850726383,0.6195993087131819,2.7795542534292395e-09,0.0006356885072638097,9.420500136911869,8.484444764169808,3,True,True,native
B1_Si_grating_TE,ikarus[Laurent],25,25,25,0.38034493395140434,0.6196550632693488,2.7792468326737207e-09,0.0005799339514043211,7.725300267338753,8.484444764169808,3,True,True,native
B1_Si_grating_TE,ikarus[Laurent],27,27,27,0.3801423735235808,0.6198576236978168,2.778602348207926e-09,0.000377373523580804,9.55250021070242,9.552500210702421,3,True,True,native
B1_Si_grating_TE,ikarus[Laurent],29,29,29,0.3801220801229861,0.6198779170985248,2.778489105459414e-09,0.0003570801229860754,13.805399648845196,12.422899715602396,3,True,True,native
B1_Si_grating_TE,ikarus[Laurent],31,31,31,0.3800094411743193,0.6199905560475324,2.778148266990854e-09,0.0002444411743192654,13.364199548959732,13.318499550223349,3,False,False,native
B1_Si_grating_TE,ikarus[Laurent],49,49,49,0.3798333203914542,0.6201666768309493,2.777596597169918e-09,6.832039145415747e-05,21.800199523568153,21.800199523568157,3,True,True,native
B1_Si_grating_TE,ikarus[Laurent],81,81,81,0.3797798295126831,0.6202201677098429,2.7774740285479993e-09,1.4829512683056656e-05,64.69529960304499,64.02330007404086,3,True,True,native
B1_Si_grating_TE,ikarus[Laurent],121,121,121,0.37976961072302295,0.6202303864994761,2.7775008959451952e-09,4.6107230229353036e-06,136.74560002982616,134.4826994463801,3,True,True,native
B1_Si_grating_TE,ikarus[Laurent],169,169,169,0.3797668879246096,0.6202331092979516,2.7774387234558162e-09,1.8879246095893087e-06,268.7689997255802,270.5553006380797,3,True,True,native
B1_Si_grating_TE,ikarus[Laurent],225,225,225,0.3797659865682571,0.6202340106542987,2.777444163548637e-09,9.865682570886491e-07,462.2182995080948,470.39739973843075,3,True,True,native
B1_Si_grating_TE,ikarus[Laurent],289,289,289,0.3797656383923976,0.6202343588302169,2.7773855437729367e-09,6.383923975561423e-07,831.3750000670552,878.209199756385,3,True,True,native
B1_Si_grating_TE,ikarus[Laurent],361,361,361,0.3797654873725159,0.6202345098503799,2.7771042132584967e-09,4.873725159004749e-07,1269.8574997484684,1269.857499748468,1,True,True,native
B1_Si_grating_TE,ikarus[Laurent],441,441,441,0.37976541566587907,0.6202345815561087,2.7780122646703376e-09,4.1566587904995345e-07,2002.8040995821357,2044.4996003061535,1,True,True,native
B1_Si_grating_TE,ikarus[Laurent],529,529,529,0.3797653790504031,0.6202346181716305,2.7779664124594206e-09,3.7905040306540627e-07,2910.891800187528,3022.155500017107,1,True,True,native
B1_Si_grating_TE,ikarus[Laurent],625,625,625,0.37976535920028,0.620234638021409,2.778311025686264e-09,3.59200279964611e-07,4330.593099817634,4504.767999984328,1,True,True,native
B1_Si_grating_TE,ikarus[Laurent],729,729,729,0.3797653478867476,0.6202346493335589,2.77969358641883e-09,3.4788674757590954e-07,6393.148200586438,6371.958800591528,1,True,True,native
B1_Si_grating_TE,ikarus[Laurent],841,841,841,0.37976534115819455,0.6202346560646784,2.777127083852804e-09,3.4115819452784635e-07,10956.185699440539,10808.291099965587,1,True,True,native
B1_Si_grating_TE,ikarus[Laurent],961,961,961,0.37976533700486265,0.6202346602155662,2.7795712398415162e-09,3.370048626272215e-07,14537.047199904919,14386.265600100187,1,False,False,native
B1_Si_grating_TE,ikarus[Li],1,1,1,0.5306850666707607,0.46931493238326355,9.459757976948424e-10,0.15092006667076063,3.910900093615055,3.90740018337965,3,True,True,native
B1_Si_grating_TE,ikarus[Li],3,3,3,0.3175986852680657,0.682401313044525,1.6874093233809617e-09,0.06216631473193435,4.761099815368652,4.741800017654895,3,True,True,native
B1_Si_grating_TE,ikarus[Li],5,5,5,0.4187956025870847,0.5812043944888785,2.9240367904748155e-09,0.039030602587084684,5.1635997369885445,5.163599736988544,3,True,True,native
B1_Si_grating_TE,ikarus[Li],7,7,7,0.33418963176697397,0.6658103660423486,2.1906775282687363e-09,0.04557536823302605,7.36639928072691,5.701259554794056,3,True,True,native
B1_Si_grating_TE,ikarus[Li],9,9,9,0.7878907626904842,0.2121092323754564,4.934059411043634e-09,0.4081257626904842,5.711100064218044,5.701259554794056,3,True,True,native
B1_Si_grating_TE,ikarus[Li],11,11,11,0.3976825455040154,0.6023174515901442,2.905840457145814e-09,0.017917545504015364,5.9564001858234406,5.79950027167797,3,True,True,native
B1_Si_grating_TE,ikarus[Li],13,13,13,0.3862169386693831,0.6137830585237113,2.8069055968416023e-09,0.006451938669383095,6.300600245594978,6.173299625515938,3,True,True,native
B1_Si_grating_TE,ikarus[Li],15,15,15,0.38291801623034943,0.6170819809782064,2.7914441869114626e-09,0.0031530162303494147,6.475599482655525,6.304799579083919,3,True,True,native
B1_Si_grating_TE,ikarus[Li],17,17,17,0.3819644447382457,0.6180355524760975,2.785656705306394e-09,0.0021994447382456817,9.427100419998169,9.097287298795644,3,True,True,native
B1_Si_grating_TE,ikarus[Li],19,19,19,0.3809979919651476,0.6190020052528277,2.7820247217036354e-09,0.0012329919651475896,10.119199752807617,9.097287298795644,3,True,True,native
B1_Si_grating_TE,ikarus[Li],21,21,21,0.38080686470363834,0.6191931325154292,2.780932484292009e-09,0.0010418647036383177,8.547899313271046,9.097287298795644,3,True,True,native
B1_Si_grating_TE,ikarus[Li],23,23,23,0.38040068850726483,0.6195993087131805,2.7795546975184493e-09,0.0006356885072648089,11.284499429166317,10.317508181644538,3,True,True,native
B1_Si_grating_TE,ikarus[Li],25,25,25,0.3803449339514052,0.6196550632693467,2.7792481649413503e-09,0.0005799339514051538,9.502599947154522,10.317508181644538,3,True,True,native
B1_Si_grating_TE,ikarus[Li],27,27,27,0.38014237352358016,0.6198576236978159,2.7786039025201603e-09,0.00037737352358013787,14.047100208699703,12.79244377020361,3,True,True,native
B1_Si_grating_TE,ikarus[Li],29,29,29,0.38012208012298526,0.6198779170985252,2.778489549548624e-09,0.0003570801229852427,11.871499940752983,12.79244377020361,3,True,True,native
B1_Si_grating_TE,ikarus[Li],31,31,31,0.3800094411743175,0.6199905560475353,2.7781471567678295e-09,0.000244441174317489,12.329800054430962,12.79244377020361,3,False,False,native
B1_Si_grating_TE,ikarus[Li],49,49,49,0.3798333203914547,0.6201666768309425,2.777602814418856e-09,6.832039145465707e-05,23.663099855184555,23.672900162637234,3,True,True,native
B1_Si_grating_TE,ikarus[Li],81,81,81,0.3797798295127184,0.620220167709841,2.777440610834958e-09,1.4829512718361748e-05,65.74730016291142,65.7473001629114,3,True,True,native
B1_Si_grating_TE,ikarus[Li],121,121,121,0.37976961072302395,0.6202303864994954,2.777480689886147e-09,4.610723023934504e-06,136.53310015797615,136.5331001579761,3,True,True,native
B1_Si_grating_TE,ikarus[Li],169,169,169,0.3797668879246267,0.6202331092980725,2.7773007227338553e-09,1.8879246266867433e-06,274.41839966923,276.05810016393656,3,True,True,native
B1_Si_grating_TE,ikarus[Li],225,225,225,0.3797659865682319,0.6202340106543651,2.7774029742744233e-09,9.865682318865865e-07,472.85289969295263,477.4115998297929,3,True,True,native
B1_Si_grating_TE,ikarus[Li],289,289,289,0.3797656383922781,0.6202343588303444,2.7773775501671594e-09,6.383922780961448e-07,881.9208992645144,914.480400271714,3,True,True,native
B1_Si_grating_TE,ikarus[Li],361,361,361,0.3797654873726991,0.6202345098499529,2.7773480182347043e-09,4.87372699087274e-07,1352.8771996498108,1451.5402996912596,1,True,True,native
B1_Si_grating_TE,ikarus[Li],441,441,441,0.3797654156658014,0.6202345815570435,2.7771550614730245e-09,4.156658013898529e-07,1853.9298996329308,1866.031300276518,1,True,True,native
B1_Si_grating_TE,ikarus[Li],529,529,529,0.37976537905067226,0.620234618172685,2.77664269354716e-09,3.790506722389786e-07,2928.504799492657,2997.0600996166445,1,True,True,native
B1_Si_grating_TE,ikarus[Li],625,625,625,0.37976535920084675,0.6202346380214034,2.777749807947316e-09,3.592008467334651e-07,4493.312099948525,4560.215099714699,1,True,True,native
B1_Si_grating_TE,ikarus[Li],729,729,729,0.37976534788678745,0.6202346493368857,2.776326835096654e-09,3.478867874329161e-07,7064.650499261916,6962.597399950032,1,True,True,native
B1_Si_grating_TE,ikarus[Li],841,841,841,0.37976534115688454,0.6202346560599201,2.7831953408608e-09,3.4115688452018844e-07,11364.89690002054,10781.145100481826,1,True,True,native
B1_Si_grating_TE,ikarus[Li],961,961,961,0.37976533700557447,0.6202346602170248,2.777400753828374e-09,3.3700557444671375e-07,14200.021700002253,13855.224200524392,1,False,False,native
B1_Si_grating_TE,ikarus[NV],1,1,1,0.5306850666707603,0.4693149323832638,9.459758532059936e-10,0.1509200666707603,55.84319960325956,55.858599953353405,3,True,True,native
B1_Si_grating_TE,ikarus[NV],3,3,3,0.31759868526806556,0.6824013130445248,1.6874096564478691e-09,0.06216631473193446,57.6104000210762,56.98959995061158,3,True,True,native
B1_Si_grating_TE,ikarus[NV],5,5,5,0.41879560258708454,0.5812043944888778,2.924037678653235e-09,0.03903060258708452,56.93429987877607,57.055599987506845,3,True,True,native
B1_Si_grating_TE,ikarus[NV],7,7,7,0.3341896317669735,0.6658103660423482,2.1906783054248535e-09,0.04557536823302649,57.48980026692152,57.41250049322844,3,True,True,native
B1_Si_grating_TE,ikarus[NV],9,9,9,0.7878907626904808,0.21210923237545495,4.9340642960249426e-09,0.40812576269048073,57.9668004065752,58.30054704841294,3,True,True,native
B1_Si_grating_TE,ikarus[NV],11,11,11,0.3976825455040164,0.6023174515901442,2.905839457945092e-09,0.017917545504016363,58.48640017211437,58.30054704841294,3,True,True,native
B1_Si_grating_TE,ikarus[NV],13,13,13,0.38621693866938234,0.61378305852371,2.806907706265349e-09,0.006451938669382318,58.57759993523359,58.70960000902413,3,True,True,native
B1_Si_grating_TE,ikarus[NV],15,15,15,0.3829180162303502,0.6170819809782045,2.7914451861121847e-09,0.003153016230350192,59.93430037051439,59.49340015649798,3,True,True,native
B1_Si_grating_TE,ikarus[NV],17,17,17,0.38196444473824703,0.6180355524760974,2.785655484061067e-09,0.002199444738247014,62.337799929082394,61.735597072333434,3,True,True,native
B1_Si_grating_TE,ikarus[NV],19,19,19,0.3809979919651465,0.6190020052528276,2.7820259429489624e-09,0.0012329919651464794,61.5254994481802,61.735597072333434,3,True,True,native
B1_Si_grating_TE,ikarus[NV],21,21,21,0.38080686470363845,0.6191931325154275,2.7809340386042436e-09,0.0010418647036384288,61.44049949944019,61.735597072333434,3,True,True,native
B1_Si_grating_TE,ikarus[NV],23,23,23,0.38040068850726383,0.6195993087131819,2.7795542534292395e-09,0.0006356885072638097,63.515699468553066,62.34731636491433,3,True,True,native
B1_Si_grating_TE,ikarus[NV],25,25,25,0.38034493395140434,0.6196550632693488,2.7792468326737207e-09,0.0005799339514043211,61.889500357210636,62.34731636491433,3,True,True,native
B1_Si_grating_TE,ikarus[NV],27,27,27,0.3801423735235808,0.6198576236978168,2.778602348207926e-09,0.000377373523580804,69.46490053087473,68.30528342118451,3,True,True,native
B1_Si_grating_TE,ikarus[NV],29,29,29,0.3801220801229861,0.6198779170985248,2.778489105459414e-09,0.0003570801229860754,71.01160008460283,68.30528342118451,3,True,True,native
B1_Si_grating_TE,ikarus[NV],31,31,31,0.3800094411743193,0.6199905560475324,2.778148266990854e-09,0.0002444411743192654,66.76420010626316,68.30528342118451,3,False,False,native
B1_Si_grating_TE,ikarus[NV],49,49,49,0.3798333203914542,0.6201666768309493,2.777596597169918e-09,6.832039145415747e-05,76.59919932484627,76.63599960505965,3,True,True,native
B1_Si_grating_TE,ikarus[NV],81,81,81,0.37977982951268324,0.6202201677098429,2.7774738065033944e-09,1.482951268322319e-05,119.76539995521307,118.18969994783386,3,True,True,native
B1_Si_grating_TE,ikarus[NV],121,121,121,0.379769610723023,0.620230386499476,2.7775008959451952e-09,4.610723022990815e-06,191.40040036290884,185.67770067602393,3,True,True,native
B1_Si_grating_TE,ikarus[NV],169,169,169,0.3797668879246096,0.6202331092979515,2.7774388344781187e-09,1.8879246095893087e-06,332.3426991701126,329.8449004068969,3,True,True,native
B1_Si_grating_TE,ikarus[NV],225,225,225,0.37976598656825733,0.6202340106542991,2.7774436084371246e-09,9.865682573106938e-07,536.8560999631882,533.8127994909881,3,True,True,native
B1_Si_grating_TE,ikarus[NV],289,289,289,0.3797656383923975,0.6202343588302162,2.777386320929054e-09,6.383923975006311e-07,1007.4522998183966,1007.4522998183976,1,True,True,native
B1_Si_grating_TE,ikarus[NV],361,361,361,0.37976548737251586,0.6202345098503803,2.7771038801915893e-09,4.873725158449638e-07,1540.7509999349713,1540.7509999349709,1,True,True,native
B1_Si_grating_TE,ikarus[NV],441,441,441,0.37976541566587907,0.6202345815561087,2.7780122646703376e-09,4.1566587904995345e-07,1968.728399835527,2004.9932003021245,1,True,True,native
B1_Si_grating_TE,ikarus[NV],529,529,529,0.37976537905040303,0.6202346181716303,2.777966745526328e-09,3.790504030098951e-07,2814.106000587344,2845.013800077141,1,True,True,native
B1_Si_grating_TE,ikarus[NV],625,625,625,0.37976535920028,0.6202346380214088,2.778311247730869e-09,3.59200279964611e-07,4365.244200453162,4771.828699856994,1,True,True,native
B1_Si_grating_TE,ikarus[NV],729,729,729,0.3797653478867477,0.6202346493335589,2.779693364374225e-09,3.4788674768693184e-07,7183.43129940331,7119.261399842795,1,True,True,native
B1_Si_grating_TE,ikarus[NV],841,841,841,0.3797653411581948,0.6202346560646785,2.777126639763594e-09,3.411581948054021e-07,11477.149699814618,11332.875699736187,1,True,True,native
B1_Si_grating_TE,ikarus[NV],961,961,961,0.37976533700486254,0.6202346602155663,2.7795711288192138e-09,3.370048625161992e-07,14399.970700033009,14338.746200315662,1,False,False,native
B1_Si_grating_TM,fork[Laurent],1,1,1,0.5306844354286381,0.4693143741399371,1.1904314248245562e-06,0.3169734354286381,1.1072000488638878,1.1230995878577232,3,True,True,native
B1_Si_grating_TM,fork[Laurent],3,3,3,0.37856546926361967,0.6214333371026828,1.1936336975493234e-06,0.16485446926361966,1.3644006103277206,1.383400522172451,3,True,True,native
B1_Si_grating_TM,fork[Laurent],5,5,5,0.7115572619009034,0.2884405530100219,2.185089074679958e-06,0.4978462619009034,1.5708999708294868,1.569199375808239,3,True,True,native
B1_Si_grating_TM,fork[Laurent],7,7,7,0.5519539255251255,0.44804451232905235,1.5621458221981577e-06,0.33824292552512547,1.6962997615337372,1.6962997615337372,3,True,True,native
B1_Si_grating_TM,fork[Laurent],9,9,9,0.12355025016485223,0.8764306503742928,1.9099460854987704e-05,0.09016074983514778,1.977800391614437,2.0190998911857605,3,True,True,native
B1_Si_grating_TM,fork[Laurent],11,11,11,0.08296245778615703,0.9170090664447049,2.8475769138003315e-05,0.13074854221384297,2.168300561606884,2.201199531555176,3,True,True,native
B1_Si_grating_TM,fork[Laurent],13,13,13,0.24703249685268525,0.7529571829640213,1.0320183293499596e-05,0.033321496852685234,2.398199401795864,2.4069994688034058,3,True,True,native
B1_Si_grating_TM,fork[Laurent],15,15,15,0.24618669901717724,0.7538029029063306,1.0398076492168506e-05,0.03247569901717723,2.629300579428673,2.642500214278698,3,True,True,native
B1_Si_grating_TM,fork[Laurent],17,17,17,0.22288857607193296,0.7771010962879427,1.0327640124319082e-05,0.009177576071932952,4.6084001660346985,4.1825007647275925,3,True,True,native
B1_Si_grating_TM,fork[Laurent],19,19,19,0.22256533740437218,0.7774242780796154,1.0384516012429401e-05,0.008854337404372165,4.683200269937515,4.714000038802624,3,True,True,native
B1_Si_grating_TM,fork[Laurent],21,21,21,0.21052412778623308,0.7894648091764167,1.1063037350211857e-05,0.003186872213766928,5.145099945366383,5.244099535048008,3,True,True,native
B1_Si_grating_TM,fork[Laurent],23,23,23,0.21011825853174557,0.7898706057877158,1.1135680538565396e-05,0.0035927414682544456,6.421099416911602,6.495135192411687,3,True,True,native
B1_Si_grating_TM,fork[Laurent],25,25,25,0.20275820957311666,0.7972298998277613,1.1890599122099665e-05,0.010952790426883352,6.4489999786019325,6.495135192411687,3,True,True,native
B1_Si_grating_TM,fork[Laurent],27,27,27,0.20234026009938813,0.7976477603325237,1.1979568088182901e-05,0.011370739900611881,8.684399537742138,8.3849283538469,3,True,True,native
B1_Si_grating_TM,fork[Laurent],29,29,29,0.1977417985500013,0.8022455220399586,1.2679410040128403e-05,0.01596920144999872,8.238300681114197,8.3849283538469,3,True,True,native
B1_Si_grating_TM,fork[Laurent],31,31,31,0.19737333510488503,0.8026138849543442,1.2779940770868414e-05,0.016337664895114984,8.713600225746632,8.792299777269362,3,False,False,native
B1_Si_grating_TM,fork[Laurent],49,49,49,0.1903118770134337,0.809672569341579,1.5553644987287285e-05,0.023399122986566323,19.36319936066866,19.410999491810795,3,True,True,native
B1_Si_grating_TM,fork[Laurent],81,81,81,0.19284654030056708,0.8071356197846253,1.7839914807638024e-05,0.02086445969943293,55.51999993622303,55.79689983278514,3,True,True,native
B1_Si_grating_TM,fork[Laurent],121,121,121,0.19714616901835663,0.8028346508808347,1.9180100808591227e-05,0.01656483098164338,114.08620048314333,116.76299944519992,3,True,True,native
B1_Si_grating_TM,fork[Laurent],169,169,169,0.20073177626418556,0.7992482216398308,2.0002095983628898e-05,0.012979223735814449,257.35640060156584,269.1609002649784,3,True,True,native
B1_Si_grating_TM,fork[Laurent],225,225,225,0.20342808342246463,0.7965513815823881,2.053499514720336e-05,0.010282916577535384,466.0087004303932,477.1340992301702,3,True,True,native
B1_Si_grating_TM,fork[Laurent],289,289,289,0.20542816851071422,0.7945509336390522,2.0897850233625448e-05,0.008282831489285797,903.4869000315666,908.7805999442936,3,True,True,native
B1_Si_grating_TM,fork[Laurent],361,361,361,0.20692669902416558,0.793052145711247,2.1155264587346956e-05,0.006784300975834434,1348.7780997529626,1338.1883995607493,1,True,True,native
B1_Si_grating_TM,fork[Laurent],441,441,441,0.20806823888357154,0.7919104169592664,2.1344157162039856e-05,0.005642761116428474,2083.0570003017783,2033.097700215876,1,True,True,native
B1_Si_grating_TM,fork[Laurent],529,529,529,0.2089534208637174,0.79102509230981,2.1486826472627563e-05,0.004757579136282608,3336.4880001172423,3258.7182000279436,1,True,True,native
B1_Si_grating_TM,fork[Laurent],625,625,625,0.2096516368501704,0.7903267659862011,2.1597163628483962e-05,0.0040593631498296034,4288.054499775171,4288.054499775172,1,True,True,native
B1_Si_grating_TM,fork[Laurent],729,729,729,0.21021114329157578,0.7897671724191253,2.168428929893995e-05,0.0034998567084242316,6783.47310051322,6783.473100513219,1,True,True,native
B1_Si_grating_TM,fork[Laurent],841,841,841,0.21066599678374168,0.7893122488359839,2.1754380274408014e-05,0.003045003216258335,9816.863799467683,9816.863799467686,1,True,True,native
B1_Si_grating_TM,fork[Laurent],961,961,961,0.21104063628611386,0.7889375524149663,2.1811298919760524e-05,0.0026703637138861536,12339.267500676215,11482.0499997586,1,False,False,native
B1_Si_grating_TM,fork[Pol],1,1,1,0.5315371421918219,0.46846167967606017,1.1781321179182846e-06,0.3178261421918219,36.69579979032278,25.975731493061925,3,True,True,native
B1_Si_grating_TM,fork[Pol],3,3,3,0.36983354790573664,0.6279828205560007,0.0021836315382626204,0.15612254790573662,24.75230023264885,25.975731493061925,3,True,True,native
B1_Si_grating_TM,fork[Pol],5,5,5,0.7471976370149804,0.2560504510875155,-0.0032480881024959385,0.5334866370149804,24.377099238336086,25.975731493061925,3,True,True,native
B1_Si_grating_TM,fork[Pol],7,7,7,0.5203435046221622,0.4739869882712388,0.0056695071065990255,0.3066325046221622,24.356800131499767,25.975731493061925,3,True,True,native
B1_Si_grating_TM,fork[Pol],9,9,9,0.28119621293461156,0.7180955670441227,0.0007082200212658041,0.06748521293461154,24.52849969267845,25.975731493061925,3,True,True,native
B1_Si_grating_TM,fork[Pol],11,11,11,0.6041418629061223,0.3992731632102468,-0.0034150261163690687,0.3904308629061223,24.72630050033331,25.975731493061925,3,True,True,native
B1_Si_grating_TM,fork[Pol],13,13,13,0.23059278996190488,0.7709001401221055,-0.0014929300840104132,0.01688178996190487,25.59009939432144,25.975731493061925,3,True,True,native
B1_Si_grating_TM,fork[Pol],15,15,15,0.24480129468102893,0.7590418459433902,-0.00384314062441915,0.031090294681028918,25.595500133931637,25.975731493061925,3,True,True,native
B1_Si_grating_TM,fork[Pol],17,17,17,0.20884481630247587,0.792461574135845,-0.0013063904383208147,0.004866183697524146,37.40819916129112,36.99061874938549,3,True,True,native
B1_Si_grating_TM,fork[Pol],19,19,19,0.2140768017547834,0.7880638255158284,-0.002140627270611817,0.0003658017547834014,38.07920031249523,36.99061874938549,3,True,True,native
B1_Si_grating_TM,fork[Pol],21,21,21,0.20106432016243214,0.8001098175026249,-0.001174137665057029,0.01264667983756787,37.07340080291033,37.07340080291032,3,True,True,native
B1_Si_grating_TM,fork[Pol],23,23,23,0.20536259436437476,0.7962723370422662,-0.0016349314066409493,0.00834840563562525,31.344499439001083,39.28277750555894,3,True,True,native
B1_Si_grating_TM,fork[Pol],25,25,25,0.19839633676935767,0.8026836010395741,-0.0010799378089317857,0.015314663230642345,39.334299974143505,39.28277750555894,3,True,True,native
B1_Si_grating_TM,fork[Pol],27,27,27,0.20258659593303582,0.7987995607281394,-0.001386156661175253,0.011124404066964189,41.588399559259415,40.88279977440835,3,True,True,native
B1_Si_grating_TM,fork[Pol],29,29,29,0.1985326829031489,0.8024739112504852,-0.0010065941536340217,0.015178317096851107,73.28709959983826,47.36864032769833,3,True,True,native
B1_Si_grating_TM,fork[Pol],31,31,31,0.20263791079566254,0.79859129441464,-0.0012292052103025641,0.011073089204337472,42.74869989603758,47.36864032769833,3,False,False,native
B1_Si_grating_TM,fork[Pol],49,49,49,0.21373836569117122,0.7870192772639605,-0.0007576429551316988,2.736569117120502e-05,56.41059949994087,53.86540014296771,3,True,True,native
B1_Si_grating_TM,fork[Pol],81,81,81,0.23292667375476728,0.7675230403388887,-0.00044971409365601733,0.019215673754767265,88.49240001291037,91.40070062130688,3,True,True,native
B1_Si_grating_TM,fork[Pol],121,121,121,0.22878937313681583,0.7713609584768492,-0.00015033161366495573,0.015078373136815815,162.9924001172185,164.40960019826886,3,True,True,native
B1_Si_grating_TM,fork[Pol],169,169,169,0.2167971445083967,0.7831890228218871,1.3832669716218327e-05,0.0030861445083966987,299.23219978809357,323.3860004693269,3,True,True,native
B1_Si_grating_TM,fork[Pol],225,225,225,0.21075601836523347,0.7891894584979816,5.4523136784889736e-05,0.0029549816347665403,535.4212000966072,559.1336004436018,3,True,True,native
B1_Si_grating_TM,fork[Pol],289,289,289,0.21280804539284776,0.7871750131920774,1.6941415074800403e-05,0.0009029546071522565,1005.8741001412272,1005.8741001412272,1,True,True,native
B1_Si_grating_TM,fork[Pol],361,361,361,0.21535334513191662,0.78464401013845,2.6447296334053405e-06,0.001642345131916606,1542.5901003181934,1587.937099859118,1,True,True,native
B1_Si_grating_TM,fork[Pol],441,441,441,0.2134851243415212,0.7864888433471814,2.6032311297385924e-05,0.00022587565847881352,2336.409400217235,2336.409400217235,1,True,True,native
B1_Si_grating_TM,fork[Pol],529,529,529,0.2133250523108621,0.7866516704148331,2.327727430484483e-05,0.000385947689137911,3444.6572000160813,3400.782399810852,1,True,True,native
B1_Si_grating_TM,fork[Pol],625,625,625,0.21416976001139007,0.7858128605954567,1.7379393153160727e-05,0.00045876001139005806,5093.800900503993,4909.868500195443,1,True,True,native
B1_Si_grating_TM,fork[Pol],729,729,729,0.21342237138765924,0.7865529300697126,2.4698542628098785e-05,0.0002886286123407744,7111.79650016129,6929.2636997997715,1,True,True,native
B1_Si_grating_TM,fork[Pol],841,841,841,0.2138887870757607,0.7860913016238403,1.9911300399022558e-05,0.00017778707576068808,14633.126799948514,13566.083239533378,1,True,True,native
B1_Si_grating_TM,fork[Pol],961,961,961,0.21359948625464742,0.7863773377687645,2.3175976588074576e-05,0.00011151374535259273,13072.931099683046,13566.083239533378,1,False,False,native
B1_Si_grating_TM,ikarus[Laurent],1,1,1,0.5306850666707603,0.4693149323832638,9.459758532059936e-10,0.31697406667076033,2.4931998923420906,2.46219988912344,3,True,True,native
B1_Si_grating_TM,ikarus[Laurent],3,3,3,0.3785659760922165,0.6214340226048776,1.3029060053071362e-09,0.16485497609221647,3.0732005834579468,2.949199639260769,3,True,True,native
B1_Si_grating_TM,ikarus[Laurent],5,5,5,0.711558810941202,0.2884411845202112,4.53858678417518e-09,0.497847810941202,3.250500187277794,3.250500187277794,3,True,True,native
B1_Si_grating_TM,ikarus[Laurent],7,7,7,0.5519548312152623,0.4480451666068661,2.177871549768895e-09,0.33824383121526236,3.5658003762364388,3.554600290954113,3,True,True,native
B1_Si_grating_TM,ikarus[Laurent],9,9,9,0.12355049560014576,0.8764494852036349,1.9196219391837133e-08,0.09016050439985425,4.037899896502495,3.9859004318714146,3,True,True,native
B1_Si_grating_TM,ikarus[Laurent],11,11,11,0.08296418361617461,0.9170357868861305,2.949769484228426e-08,0.1307468163838254,4.190700128674507,4.190700128674507,3,True,True,native
B1_Si_grating_TM,ikarus[Laurent],13,13,13,0.24703300449118842,0.7529669849139263,1.0594885302417367e-08,0.03332200449118841,4.465100355446339,4.476699978113174,3,True,True,native
B1_Si_grating_TM,ikarus[Laurent],15,15,15,0.24618719875463274,0.7538127905924483,1.0652918991382876e-08,0.03247619875463273,4.8065995797514915,4.8065995797514915,3,True,True,native
B1_Si_grating_TM,ikarus[Laurent],17,17,17,0.22288877954189448,0.7771112100800129,1.0378092607510325e-08,0.00917777954189447,5.8854008093476295,6.550553021249705,3,True,True,native
B1_Si_grating_TM,ikarus[Laurent],19,19,19,0.22256553821404554,0.7774344513428291,1.0443125364467676e-08,0.008854538214045526,6.056699901819229,6.550553021249705,3,True,True,native
B1_Si_grating_TM,ikarus[Laurent],21,21,21,0.2105241518419916,0.7894758371593001,1.099870827747651e-08,0.003186848158008404,8.042999543249607,8.117799647152424,3,True,True,native
B1_Si_grating_TM,ikarus[Laurent],23,23,23,0.21011827543339884,0.7898817134835208,1.1083080453389016e-08,0.0035927245666011742,9.518399834632874,8.484444764169808,3,True,True,native
B1_Si_grating_TM,ikarus[Laurent],25,25,25,0.20275808928551478,0.7972418989769061,1.1737579130866038e-08,0.010952910714485231,7.506300695240498,8.484444764169808,3,True,True,native
B1_Si_grating_TM,ikarus[Laurent],27,27,27,0.202340129800294,0.797659858361774,1.1837931968017301e-08,0.011370870199706007,9.375900030136108,9.552500210702421,3,True,True,native
B1_Si_grating_TM,ikarus[Laurent],29,29,29,0.19774156272251384,0.8022584248246356,1.2452850528532622e-08,0.015969437277486176,12.285400182008743,12.422899715602396,3,True,True,native
B1_Si_grating_TM,ikarus[Laurent],31,31,31,0.19737308824684602,0.8026268991897626,1.2563391327269358e-08,0.016337911753153994,13.186600059270859,13.318499550223349,3,False,False,native
B1_Si_grating_TM,ikarus[Laurent],49,49,49,0.19031136774711585,0.8096886171623938,1.5090490301794546e-08,0.02339963225288416,21.50150015950203,21.800199523568157,3,True,True,native
B1_Si_grating_TM,ikarus[Laurent],81,81,81,0.19284601043720018,0.8071539723597859,1.72030139022894e-08,0.020864989562799835,64.02330007404089,64.02330007404086,3,True,True,native
B1_Si_grating_TM,ikarus[Laurent],121,121,121,0.19714572938302324,0.8028542521721257,1.8444851090926306e-08,0.01656527061697677,134.48269944638014,134.4826994463801,3,True,True,native
B1_Si_grating_TM,ikarus[Laurent],169,169,169,0.20073143518047332,0.7992685456125106,1.9207016088707007e-08,0.012979564819526695,268.10749992728233,270.5553006380797,3,True,True,native
B1_Si_grating_TM,ikarus[Laurent],225,225,225,0.2034278252384926,0.7965721550653292,1.9696178243933105e-08,0.010283174761507419,471.41680028289557,470.39739973843075,3,True,True,native
B1_Si_grating_TM,ikarus[Laurent],289,289,289,0.20542797577396935,0.7945720041874013,2.0038629422458598e-08,0.008283024226030666,862.6938005909324,878.209199756385,3,True,True,native
B1_Si_grating_TM,ikarus[Laurent],361,361,361,0.20692655726252965,0.7930734224635491,2.027392131953576e-08,0.006784442737470364,1245.6515999510884,1269.857499748468,1,True,True,native
B1_Si_grating_TM,ikarus[Laurent],441,441,441,0.20806813700982035,0.7919318425333511,2.045682856444131e-08,0.005642862990179659,1924.7513003647327,2044.4996003061535,1,True,True,native
B1_Si_grating_TM,ikarus[Laurent],529,529,529,0.20895335049468494,0.791046628917839,2.058747605726552e-08,0.00475764950531507,2980.902500450611,3022.155500017107,1,True,True,native
B1_Si_grating_TM,ikarus[Laurent],625,625,625,0.20965159171413772,0.790348387590647,2.0695215319221916e-08,0.004059408285862293,4276.291199959815,4504.767999984328,1,True,True,native
B1_Si_grating_TM,ikarus[Laurent],729,729,729,0.21021111851342666,0.7897888607232454,2.076332794587188e-08,0.0034998814865733474,6371.958800591528,6371.958800591528,1,True,True,native
B1_Si_grating_TM,ikarus[Laurent],841,841,841,0.2106659888121352,0.7893339903579069,2.0829957980694758e-08,0.003045011187864821,11331.206599250436,10808.291099965587,1,True,True,native
B1_Si_grating_TM,ikarus[Laurent],961,961,961,0.2110406415739552,0.7889593376086992,2.081734562509041e-08,0.002670358426044822,14386.26560010016,14386.265600100187,1,False,False,native
B1_Si_grating_TM,ikarus[Li],1,1,1,0.07386076033934866,0.9261392358109153,3.8497360854705676e-09,0.13985023966065135,3.604600206017494,3.90740018337965,3,True,True,native
B1_Si_grating_TM,ikarus[Li],3,3,3,0.2073942253378121,0.7926057710952783,3.566909656527173e-09,0.006316774662187913,4.472799599170685,4.741800017654895,3,True,True,native
B1_Si_grating_TM,ikarus[Li],5,5,5,0.41269629135134633,0.5873037054484739,3.200179787832269e-09,0.19898529135134632,6.306800059974194,5.163599736988544,3,True,True,native
B1_Si_grating_TM,ikarus[Li],7,7,7,0.5508014662757531,0.4491985294198921,4.304354817019629e-09,0.3370904662757531,6.620599888265133,5.701259554794056,3,True,True,native
B1_Si_grating_TM,ikarus[Li],9,9,9,0.4418205565909855,0.5581794409973637,2.4116507679750043e-09,0.2281095565909855,5.395100452005863,5.701259554794056,3,True,True,native
B1_Si_grating_TM,ikarus[Li],11,11,11,0.45771783029040525,0.5422821661580308,3.551563931836199e-09,0.24400683029040524,6.192900240421295,5.79950027167797,3,True,True,native
B1_Si_grating_TM,ikarus[Li],13,13,13,0.6907920959692564,0.30920789809798876,5.9327548429521926e-09,0.4770810959692564,6.195200607180595,6.173299625515938,3,True,True,native
B1_Si_grating_TM,ikarus[Li],15,15,15,0.7350343048511004,0.2649656875696544,7.579245175914906e-09,0.5213233048511005,6.2334006652235985,6.304799579083919,3,True,True,native
B1_Si_grating_TM,ikarus[Li],17,17,17,0.8254351227414197,0.1745648609028882,1.6355692078473538e-08,0.6117241227414197,9.390699677169323,9.097287298795644,3,True,True,native
B1_Si_grating_TM,ikarus[Li],19,19,19,0.844719014409915,0.1552809657862828,1.9803802153717243e-08,0.631008014409915,9.761099703609943,9.097287298795644,3,True,True,native
B1_Si_grating_TM,ikarus[Li],21,21,21,0.7420936696083714,0.2579062994478356,3.094379297241545e-08,0.5283826696083714,9.189300239086151,9.097287298795644,3,True,True,native
B1_Si_grating_TM,ikarus[Li],23,23,23,0.7026060754180121,0.2973938927084654,3.1873522488012895e-08,0.48889507541801214,11.20229996740818,10.317508181644538,3,True,True,native
B1_Si_grating_TM,ikarus[Li],25,25,25,0.5039432496912891,0.49605671752125663,3.278745425161489e-08,0.29023224969128913,9.293199516832829,10.317508181644538,3,True,True,native
B1_Si_grating_TM,ikarus[Li],27,27,27,0.48118005933429947,0.5188199083645634,3.230113720942285e-08,0.26746905933429943,14.328300021588802,12.79244377020361,3,True,True,native
B1_Si_grating_TM,ikarus[Li],29,29,29,0.36771701088944303,0.6322829592876203,2.9822936675749645e-08,0.15400601088944302,12.16069981455803,12.79244377020361,3,True,True,native
B1_Si_grating_TM,ikarus[Li],31,31,31,0.3595288299489687,0.6404711406188663,2.9432164927456483e-08,0.14581782994896866,12.525299564003944,12.79244377020361,3,False,False,native
B1_Si_grating_TM,ikarus[Li],49,49,49,0.23468079761940142,0.7653191792950241,2.3085574452075264e-08,0.020969797619401404,23.5123997554183,23.672900162637234,3,True,True,native
B1_Si_grating_TM,ikarus[Li],81,81,81,0.21790039864082503,0.7820995797189212,2.1640253811128218e-08,0.004189398640825015,65.9072995185852,65.7473001629114,3,True,True,native
B1_Si_grating_TM,ikarus[Li],121,121,121,0.214926241103309,0.7850737375374724,2.135921850499045e-08,0.0012152411033089783,136.99860032647848,136.5331001579761,3,True,True,native
B1_Si_grating_TM,ikarus[Li],169,169,169,0.21414213753944586,0.7858578411734232,2.1287130946845423e-08,0.0004311375394458472,272.30480033904314,276.05810016393656,3,True,True,native
B1_Si_grating_TM,ikarus[Li],225,225,225,0.21388496474216787,0.7861150139982138,2.1259618288027582e-08,0.00017396474216785363,485.30260007828474,477.4115998297929,3,True,True,native
B1_Si_grating_TM,ikarus[Li],289,289,289,0.21378718155637025,0.7862127971853587,2.12582710323872e-08,7.618155637023616e-05,855.0864001736045,914.480400271714,3,True,True,native
B1_Si_grating_TM,ikarus[Li],361,361,361,0.2137457240671951,0.7862542546751036,2.125770126593096e-08,3.4724067195096575e-05,1349.9441994354129,1451.5402996912596,1,True,True,native
B1_Si_grating_TM,ikarus[Li],441,441,441,0.21372661110728566,0.7862733676204916,2.1272222761048454e-08,1.5611107285651293e-05,1839.5354999229312,1866.031300276518,1,True,True,native
B1_Si_grating_TM,ikarus[Li],529,529,529,0.21371719739072406,0.7862827813638311,2.124544484782831e-08,6.197390724049789e-06,2935.439799912274,2997.0600996166445,1,True,True,native
B1_Si_grating_TM,ikarus[Li],625,625,625,0.21371230874581124,0.7862876700227108,2.1231477909111618e-08,1.3087458112237549e-06,4363.310500048101,4560.215099714699,1,True,True,native
B1_Si_grating_TM,ikarus[Li],729,729,729,0.21370965939954448,0.7862903193412412,2.1259214388891223e-08,1.3406004555349682e-06,6962.5973999500275,6962.597399950032,1,True,True,native
B1_Si_grating_TM,ikarus[Li],841,841,841,0.21370817352504748,0.7862918052048771,2.1270075478696526e-08,2.8264749525330757e-06,11209.033600054681,10781.145100481826,1,True,True,native
B1_Si_grating_TM,ikarus[Li],961,961,961,0.2137073172849672,0.786292661434294,2.1280738837781144e-08,3.6827150328155867e-06,14259.440300054848,13855.224200524392,1,False,False,native
B1_Si_grating_TM,ikarus[NV],1,1,1,0.07386076033934866,0.9261392358109153,3.8497360854705676e-09,0.13985023966065135,55.654000490903854,55.858599953353405,3,True,True,native
B1_Si_grating_TM,ikarus[NV],3,3,3,0.2073942253378121,0.7926057710952783,3.566909656527173e-09,0.006316774662187913,57.039899751544,56.98959995061158,3,True,True,native
B1_Si_grating_TM,ikarus[NV],5,5,5,0.4126962913513465,0.5873037054484743,3.2001791216984543e-09,0.1989852913513465,57.126699946820736,57.055599987506845,3,True,True,native
B1_Si_grating_TM,ikarus[NV],7,7,7,0.5508014662757527,0.4491985294198919,4.304355427642292e-09,0.3370904662757527,57.325899600982666,57.41250049322844,3,True,True,native
B1_Si_grating_TM,ikarus[NV],9,9,9,0.44182055659098385,0.558179440997366,2.4116501018411896e-09,0.22810955659098384,58.37580002844334,58.30054704841294,3,True,True,native
B1_Si_grating_TM,ikarus[NV],11,11,11,0.4577178302904042,0.5422821661580324,3.5515634877469893e-09,0.24400683029040418,58.10470040887594,58.30054704841294,3,True,True,native
B1_Si_grating_TM,ikarus[NV],13,13,13,0.690792095969238,0.3092078980980031,5.932758950777384e-09,0.477081095969238,58.70960000902414,58.70960000902413,3,True,True,native
B1_Si_grating_TM,ikarus[NV],15,15,15,0.735034304851082,0.26496568756967465,7.579243344046915e-09,0.521323304851082,58.868699707090855,59.49340015649798,3,True,True,native
B1_Si_grating_TM,ikarus[NV],17,17,17,0.8254351227414551,0.1745648609028692,1.6355675647172774e-08,0.6117241227414552,61.97910010814667,61.735597072333434,3,True,True,native
B1_Si_grating_TM,ikarus[NV],19,19,19,0.8447190144099245,0.15528096578627662,1.9803798906314896e-08,0.6310080144099245,65.18729962408543,61.735597072333434,3,True,True,native
B1_Si_grating_TM,ikarus[NV],21,21,21,0.7420936696079611,0.2579062994482688,3.0943770101821144e-08,0.5283826696079611,61.342500150203705,61.735597072333434,3,True,True,native
B1_Si_grating_TM,ikarus[NV],23,23,23,0.7026060754182998,0.29739389270818395,3.187351627076396e-08,0.4888950754182998,62.61769961565733,62.34731636491433,3,True,True,native
B1_Si_grating_TM,ikarus[NV],25,25,25,0.5039432496913256,0.4960567175212157,3.2787458636995837e-08,0.29023224969132566,62.01060023158789,62.34731636491433,3,True,True,native
B1_Si_grating_TM,ikarus[NV],27,27,27,0.4811800593343233,0.5188199083645988,3.230107792351333e-08,0.2674690593343233,66.95859972387552,68.30528342118451,3,True,True,native
B1_Si_grating_TM,ikarus[NV],29,29,29,0.3677170108894517,0.6322829592876228,2.98229255735194e-08,0.15400601088945168,68.95000021904707,68.30528342118451,3,True,True,native
B1_Si_grating_TM,ikarus[NV],31,31,31,0.3595288299488862,0.6404711406189123,2.9432201564816296e-08,0.14581782994888617,64.95229993015528,68.30528342118451,3,False,False,native
B1_Si_grating_TM,ikarus[NV],49,49,49,0.23468079761964938,0.7653191792946658,2.308568480824391e-08,0.020969797619649372,77.35059969127178,76.63599960505965,3,True,True,native
B1_Si_grating_TM,ikarus[NV],81,81,81,0.2179003986401968,0.7820995797196724,2.164013079841709e-08,0.004189398640196795,116.35989975184202,118.18969994783386,3,True,True,native
B1_Si_grating_TM,ikarus[NV],121,121,121,0.2149262411080224,0.7850737375322248,2.1359752855332204e-08,0.0012152411080223746,184.32610016316175,185.67770067602393,3,True,True,native
B1_Si_grating_TM,ikarus[NV],169,169,169,0.21414213753655173,0.7858578411751206,2.1288327656243666e-08,0.0004311375365517178,329.35940008610487,329.8449004068969,3,True,True,native
B1_Si_grating_TM,ikarus[NV],225,225,225,0.21388496473675384,0.7861150140003509,2.1262895333329368e-08,0.0001739647367538233,527.7872998267412,533.8127994909881,3,True,True,native
B1_Si_grating_TM,ikarus[NV],289,289,289,0.2137871815594667,0.7862127971837273,2.1256805982083904e-08,7.618155946667593e-05,1031.280000694096,1007.4522998183976,1,True,True,native
B1_Si_grating_TM,ikarus[NV],361,361,361,0.21374572407144798,0.7862542546719977,2.125655429452422e-08,3.4724071447972404e-05,1428.29529941082,1540.7509999349709,1,True,True,native
B1_Si_grating_TM,ikarus[NV],441,441,441,0.21372661108399105,0.7862733676578579,2.1258151017278237e-08,1.5611083991035057e-05,2004.993200302124,2004.9932003021245,1,True,True,native
B1_Si_grating_TM,ikarus[NV],529,529,529,0.21371719733729097,0.7862827814143386,2.12483703965205e-08,6.1973372909585045e-06,2845.0138000771403,2845.013800077141,1,True,True,native
B1_Si_grating_TM,ikarus[NV],625,625,625,0.2137123087761585,0.7862876699758397,2.1248001802476324e-08,1.3087761584762436e-06,4584.2515006661415,4771.828699856994,1,True,True,native
B1_Si_grating_TM,ikarus[NV],729,729,729,0.21370965938315137,0.7862903193603522,2.125649645190464e-08,1.3406168486440606e-06,7119.261399842799,7119.261399842795,1,True,True,native
B1_Si_grating_TM,ikarus[NV],841,841,841,0.21370817342376078,0.7862918053015204,2.1274718764452416e-08,2.826576239234324e-06,11332.875699736178,11332.875699736187,1,True,True,native
B1_Si_grating_TM,ikarus[NV],961,961,961,0.21370731710287874,0.7862926616758147,2.1221306600871515e-08,3.6828971212710115e-06,14531.195900402963,14338.746200315662,1,False,False,native
B2_HCG_TM,fork[Laurent],1,1,1,0.5393743107485645,0.4606247299100049,9.593414306285908e-07,0.3339556892514356,1.1227000504732132,1.1230995878577232,3,True,True,native
B2_HCG_TM,fork[Laurent],3,3,3,0.9998740460971427,0.00012329413426504757,2.6597685922533348e-06,0.12654404609714265,1.383400522172451,1.383400522172451,3,True,True,native
B2_HCG_TM,fork[Laurent],5,5,5,0.9934671377653865,0.0065303033304662935,2.5589041471743915e-06,0.12013713776538648,1.610499806702137,1.569199375808239,3,True,True,native
B2_HCG_TM,fork[Laurent],7,7,7,0.9977695143718808,0.0022278426567302434,2.6429713889841895e-06,0.12443951437188072,1.6661006957292557,1.6962997615337372,3,True,True,native
B2_HCG_TM,fork[Laurent],9,9,9,0.9826011699839321,0.017396207567856318,2.622448211583167e-06,0.10927116998393205,2.0510992035269737,2.0190998911857605,3,True,True,native
B2_HCG_TM,fork[Laurent],11,11,11,0.9765086748779603,0.023488703743235403,2.621378804260055e-06,0.10317867487796029,2.2057993337512016,2.201199531555176,3,True,True,native
B2_HCG_TM,fork[Laurent],13,13,13,0.9589204948589287,0.04107691009705665,2.5950440146332854e-06,0.08559049485892867,2.4069994688034058,2.4069994688034058,3,True,True,native
B2_HCG_TM,fork[Laurent],15,15,15,0.9556984537973096,0.04429895124789221,2.5949547982351273e-06,0.0823684537973095,2.697499468922615,2.642500214278698,3,True,True,native
B2_HCG_TM,fork[Laurent],17,17,17,0.9425392792820471,0.05745814319344913,2.5775245038120453e-06,0.06920927928204701,5.020899698138237,4.1825007647275925,3,True,True,native
B2_HCG_TM,fork[Laurent],19,19,19,0.9407397832998841,0.059257639202485723,2.577497630218417e-06,0.06740978329988401,4.858899861574173,4.714000038802624,3,True,True,native
B2_HCG_TM,fork[Laurent],21,21,21,0.9312168257280065,0.06878060851562151,2.565756372030492e-06,0.05788682572800641,5.244099535048008,5.244099535048008,3,True,True,native
B2_HCG_TM,fork[Laurent],23,23,23,0.9300419221645635,0.06995551221256559,2.56562287091755e-06,0.056711922164563444,6.541600450873375,6.495135192411687,3,True,True,native
B2_HCG_TM,fork[Laurent],25,25,25,0.923023336809477,0.07697410582511412,2.5573654088700826e-06,0.04969333680947696,6.4444998279213905,6.495135192411687,3,True,True,native
B2_HCG_TM,fork[Laurent],27,27,27,0.9221472590024062,0.07785018386761787,2.5571299758914146e-06,0.04881725900240619,8.801599964499474,8.3849283538469,3,True,True,native
B2_HCG_TM,fork[Laurent],29,29,29,0.9168422333483361,0.0831552155572375,2.551094426359035e-06,0.04351223334833609,7.986000739037991,8.3849283538469,3,True,True,native
B2_HCG_TM,fork[Laurent],31,31,31,0.9161264918195401,0.08387095739179,2.550788669911097e-06,0.04279649181954004,8.64390004426241,8.792299777269362,3,False,False,native
B2_HCG_TM,fork[Laurent],49,49,49,0.9001155731801596,0.09988189246334007,2.5343565003693724e-06,0.026785573180159505,19.791699945926666,19.410999491810795,3,True,True,native
B2_HCG_TM,fork[Laurent],81,81,81,0.8898920235345067,0.11010545217034011,2.524295153197298e-06,0.016562023534506642,55.51140010356903,55.79689983278514,3,True,True,native
B2_HCG_TM,fork[Laurent],121,121,121,0.8845331099346243,0.11546437098726808,2.5190781076100954e-06,0.011203109934624256,113.85109927505255,116.76299944519992,3,True,True,native
B2_HCG_TM,fork[Laurent],169,169,169,0.881395219768197,0.11860226418798232,2.516043820663394e-06,0.008065219768196963,264.3564995378256,269.1609002649784,3,True,True,native
B2_HCG_TM,fork[Laurent],225,225,225,0.879406132535003,0.12059135333096246,2.514134034542481e-06,0.006076132535002943,483.9759999886155,477.1340992301702,3,True,True,native
B2_HCG_TM,fork[Laurent],289,289,289,0.8780681665472024,0.12192932059830006,2.512854497510597e-06,0.004738166547202383,876.7546992748976,908.7805999442936,3,True,True,native
B2_HCG_TM,fork[Laurent],361,361,361,0.8771258276218651,0.12287166043023644,2.511947898478639e-06,0.0037958276218650333,1338.1883995607495,1338.1883995607493,1,True,True,native
B2_HCG_TM,fork[Laurent],441,441,441,0.8764373525367452,0.12356013608917917,2.5113740756838032e-06,0.0031073525367451005,2009.38790012151,2033.097700215876,1,True,True,native
B2_HCG_TM,fork[Laurent],529,529,529,0.8759190797922656,0.1240784093844929,2.5108232415277376e-06,0.002589079792265525,3317.138900049031,3258.7182000279436,1,True,True,native
B2_HCG_TM,fork[Laurent],625,625,625,0.8755191016226462,0.12447838794660158,2.5104307521811586e-06,0.0021891016226461835,4314.009599387646,4288.054499775172,1,True,True,native
B2_HCG_TM,fork[Laurent],729,729,729,0.8752038487873651,0.12479364111496088,2.5100976739911296e-06,0.0018738487873650733,6837.772800587118,6783.473100513219,1,True,True,native
B2_HCG_TM,fork[Laurent],841,841,841,0.8749508418861093,0.12504664881373365,2.5093001570775098e-06,0.0016208418861092255,11730.589100159705,9816.863799467686,1,True,True,native
B2_HCG_TM,fork[Laurent],961,961,961,0.8747445708760598,0.12525291950625628,2.5096176838879103e-06,0.0014145708760597842,11359.632399864495,11482.0499997586,1,False,False,native
B2_HCG_TM,fork[Pol],1,1,1,0.5345888793469357,0.4654101645953573,9.560577070577558e-07,0.3387411206530644,34.74709950387478,25.975731493061925,3,True,True,native
B2_HCG_TM,fork[Pol],3,3,3,0.9989750528066035,0.0010222855205996822,2.661672796837062e-06,0.12564505280660343,24.63500015437603,25.975731493061925,3,True,True,native
B2_HCG_TM,fork[Pol],5,5,5,0.9834425726428501,0.016554879363200416,2.54799394951849e-06,0.11011257264285002,24.50190018862486,25.975731493061925,3,True,True,native
B2_HCG_TM,fork[Pol],7,7,7,0.9921073370450149,0.007890028902594687,2.6340523904544444e-06,0.11877733704501481,24.26809910684824,25.975731493061925,3,True,True,native
B2_HCG_TM,fork[Pol],9,9,9,0.9721422186921365,0.02785517037806154,2.6109298019993954e-06,0.09881221869213641,24.58880003541708,25.975731493061925,3,True,True,native
B2_HCG_TM,fork[Pol],11,11,11,0.9648391779813609,0.0351582133814134,2.6086372257247414e-06,0.09150917798136082,24.810099974274635,25.975731493061925,3,True,True,native
B2_HCG_TM,fork[Pol],13,13,13,0.9452963676543132,0.05470105092685141,2.581418835349847e-06,0.07196636765431319,25.138399563729763,25.975731493061925,3,True,True,native
B2_HCG_TM,fork[Pol],15,15,15,0.9417005305013053,0.058296888675048654,2.580823646035346e-06,0.06837053050130526,27.173100039362907,25.975731493061925,3,True,True,native
B2_HCG_TM,fork[Pol],17,17,17,0.9274329955871841,0.07256444160858462,2.56280423131805e-06,0.05410299558718401,37.401399575173855,36.99061874938549,3,True,True,native
B2_HCG_TM,fork[Pol],19,19,19,0.9255425224060744,0.0744549150195149,2.562574410724938e-06,0.052212522406074324,32.461900264024734,36.99061874938549,3,True,True,native
B2_HCG_TM,fork[Pol],21,21,21,0.9151378400764146,0.08485960968224884,2.5502413365241505e-06,0.04180784007641458,38.48419990390539,37.07340080291032,3,True,True,native
B2_HCG_TM,fork[Pol],23,23,23,0.914017487842951,0.08597996208378685,2.5500732621502875e-06,0.04068748784295095,39.62500020861626,39.28277750555894,3,True,True,native
B2_HCG_TM,fork[Pol],25,25,25,0.9061721935856091,0.09382526524648169,2.5411679092368633e-06,0.032842193585609025,39.147499948740005,39.28277750555894,3,True,True,native
B2_HCG_TM,fork[Pol],27,27,27,0.9054400719533476,0.09455738704410589,2.5410025464717156e-06,0.032110071953347585,32.42629952728748,40.88279977440835,3,True,True,native
B2_HCG_TM,fork[Pol],29,29,29,0.8993176079429921,0.10067985778950783,2.534267500076126e-06,0.02598760794299204,42.47700050473213,47.36864032769833,3,True,True,native
B2_HCG_TM,fork[Pol],31,31,31,0.8988030393018942,0.10119442659947019,2.5340986356120476e-06,0.02547303930189415,43.176899664103985,47.36864032769833,3,False,False,native
B2_HCG_TM,fork[Pol],49,49,49,0.8800473572226124,0.11995012783802536,2.5149393622359018e-06,0.006717357222612352,54.555099457502365,53.86540014296771,3,True,True,native
B2_HCG_TM,fork[Pol],81,81,81,0.8694101942562458,0.13058730155418724,2.5041895669875025e-06,0.003919805743754279,80.31729981303215,91.40070062130688,3,True,True,native
B2_HCG_TM,fork[Pol],121,121,121,0.8688767622942046,0.13112073406234437,2.503643451001736e-06,0.004453237705795421,160.63369996845722,164.40960019826886,3,True,True,native
B2_HCG_TM,fork[Pol],169,169,169,0.8724048454738055,0.12759264721781935,2.5073083751714353e-06,0.0009251545261945715,331.670000217855,323.3860004693269,3,True,True,native
B2_HCG_TM,fork[Pol],225,225,225,0.8748004597621531,0.1251970304234971,2.509814349738182e-06,0.001470459762153098,592.8360000252724,559.1336004436018,3,True,True,native
B2_HCG_TM,fork[Pol],289,289,289,0.8738177163039356,0.12617977487112936,2.50882493507687e-06,0.0004877163039355148,1036.2229999154806,1005.8741001412272,1,True,True,native
B2_HCG_TM,fork[Pol],361,361,361,0.8726787784520483,0.12731871389271918,2.5076552324920787e-06,0.0006512215479517192,1523.82340002805,1587.937099859118,1,True,True,native
B2_HCG_TM,fork[Pol],441,441,441,0.8734528087782839,0.1265446827668918,2.5084548243015092e-06,0.00012280877828385606,2372.0070999115705,2336.409400217235,1,True,True,native
B2_HCG_TM,fork[Pol],529,529,529,0.8735164357267768,0.12648105574728444,2.5085259387214176e-06,0.0001864357267767902,3442.0710001140833,3400.782399810852,1,True,True,native
B2_HCG_TM,fork[Pol],625,625,625,0.873138271533004,0.1268592203312025,2.5081357934442217e-06,0.00019172846699599955,4982.052999548614,4909.868500195443,1,True,True,native
B2_HCG_TM,fork[Pol],729,729,729,0.8734606606341995,0.12653683089507617,2.5084707243605564e-06,0.00013066063419941987,6843.6102997511625,6929.2636997997715,1,True,True,native
B2_HCG_TM,fork[Pol],841,841,841,0.8732535648821562,0.12674392685721206,2.508260631722825e-06,7.643511784383161e-05,13490.635400637984,13566.083239533378,1,True,True,native
B2_HCG_TM,fork[Pol],961,961,961,0.8733778595281169,0.12661963207352075,2.5083983623830353e-06,4.785952811681149e-05,12576.848200522363,13566.083239533378,1,False,False,native
B2_HCG_TM,ikarus[Laurent],1,1,1,0.5393748278919682,0.460625171549606,5.584257500856893e-10,0.33395517210803183,2.46219988912344,2.46219988912344,3,True,True,native
B2_HCG_TM,ikarus[Laurent],3,3,3,0.9998771236147984,0.0001228730236195513,3.3615820355461807e-09,0.12654712361479836,2.909899689257145,2.949199639260769,3,True,True,native
B2_HCG_TM,ikarus[Laurent],5,5,5,0.9934699776481958,0.006530019294462524,3.057341696650895e-09,0.12013997764819573,3.0670994892716408,3.250500187277794,3,True,True,native
B2_HCG_TM,ikarus[Laurent],7,7,7,0.9977724252753712,0.0022275716738948794,3.0507338764571013e-09,0.1244424252753712,3.306000493466854,3.554600290954113,3,True,True,native
B2_HCG_TM,ikarus[Laurent],9,9,9,0.9826040079280423,0.017395988867883006,3.204074738166751e-09,0.1092740079280422,4.109399393200874,3.9859004318714146,3,True,True,native
B2_HCG_TM,ikarus[Laurent],11,11,11,0.9765114898670898,0.023488506924484072,3.2084261289422322e-09,0.10318148986708975,4.1544996201992035,4.190700128674507,3,True,True,native
B2_HCG_TM,ikarus[Laurent],13,13,13,0.958923227853694,0.04107676889403643,3.2522695786463274e-09,0.08559322785369394,4.4929999858140945,4.476699978113174,3,True,True,native
B2_HCG_TM,ikarus[Laurent],15,15,15,0.9557011756105374,0.04429882113067096,3.2587916809490025e-09,0.0823711756105373,5.844099447131157,4.8065995797514915,3,True,True,native
B2_HCG_TM,ikarus[Laurent],17,17,17,0.9425419429315879,0.05745805379720886,3.2712032527193458e-09,0.06921194293158783,7.1984995156526566,6.550553021249705,3,True,True,native
B2_HCG_TM,ikarus[Laurent],19,19,19,0.9407424408236909,0.0592575558972006,3.279108547193932e-09,0.0674124408236908,8.860199712216854,6.550553021249705,3,True,True,native
B2_HCG_TM,ikarus[Laurent],21,21,21,0.9312194423943557,0.06878055432485014,3.280794136362175e-09,0.05788944239435567,8.150899782776833,8.117799647152424,3,True,True,native
B2_HCG_TM,ikarus[Laurent],23,23,23,0.9300445347751006,0.06995546193610172,3.288797650879971e-09,0.05671453477510058,9.449100121855736,8.484444764169808,3,True,True,native
B2_HCG_TM,ikarus[Laurent],25,25,25,0.9230259198751389,0.07697407683841422,3.286446850769842e-09,0.04969591987513888,7.637999951839447,8.484444764169808,3,True,True,native
B2_HCG_TM,ikarus[Laurent],27,27,27,0.9221498389573172,0.07785015774870051,3.2939823230160314e-09,0.04881983895731712,9.50509961694479,9.552500210702421,3,True,True,native
B2_HCG_TM,ikarus[Laurent],29,29,29,0.9168447912678567,0.08315520544199007,3.290153260948614e-09,0.04351479126785662,12.377600185573101,12.422899715602396,3,True,True,native
B2_HCG_TM,ikarus[Laurent],31,31,31,0.9161290471237236,0.0838709495793833,3.2968931334975693e-09,0.04279904712372351,13.31849955022335,13.318499550223349,3,False,False,native
B2_HCG_TM,ikarus[Laurent],49,49,49,0.9001180638637994,0.09988193283843494,3.2977656161392588e-09,0.026788063863799394,22.07739930599928,21.800199523568157,3,True,True,native
B2_HCG_TM,ikarus[Laurent],81,81,81,0.8898944736841798,0.11010552301495088,3.300869272360174e-09,0.016564473684179792,61.73999980092049,64.02330007404086,3,True,True,native
B2_HCG_TM,ikarus[Laurent],121,121,121,0.8845355390058343,0.11546445769209299,3.3020727541188677e-09,0.011205539005834209,132.19239935278893,134.4826994463801,3,True,True,native
B2_HCG_TM,ikarus[Laurent],169,169,169,0.8813976365504398,0.11860236014667291,3.3028872969964596e-09,0.008067636550439738,270.55530063807964,270.5553006380797,3,True,True,native
B2_HCG_TM,ikarus[Laurent],225,225,225,0.8794085415469765,0.1205914551523193,3.3007042515853513e-09,0.0060785415469764015,467.9525000974536,470.39739973843075,3,True,True,native
B2_HCG_TM,ikarus[Laurent],289,289,289,0.8780705703477444,0.12192942634879947,3.303456147518702e-09,0.004740570347744333,834.268900565803,878.209199756385,3,True,True,native
B2_HCG_TM,ikarus[Laurent],361,361,361,0.877128227755651,0.12287176894477361,3.2995753629361246e-09,0.0037982277556509736,1250.0716000795364,1269.857499748468,1,True,True,native
B2_HCG_TM,ikarus[Laurent],441,441,441,0.8764397499624266,0.12356024673578002,3.301793408128084e-09,0.0031097499624265224,2041.2461003288627,2044.4996003061535,1,True,True,native
B2_HCG_TM,ikarus[Laurent],529,529,529,0.8759214752518207,0.1240785214631695,3.2850097642089793e-09,0.002591475251820685,2827.713499777019,3022.155500017107,1,True,True,native
B2_HCG_TM,ikarus[Laurent],625,625,625,0.8755214955114533,0.12447850114902595,3.339520743272928e-09,0.0021914955114532564,5178.557000122964,4504.767999984328,1,True,True,native
B2_HCG_TM,ikarus[Laurent],729,729,729,0.8752062415002688,0.12479375519239562,3.307335558200286e-09,0.0018762415002687716,6628.900699317455,6371.958800591528,1,True,True,native
B2_HCG_TM,ikarus[Laurent],841,841,841,0.8749532329061169,0.12504676378888643,3.3049966374765205e-09,0.0016232329061168782,10808.291099965572,10808.291099965587,1,True,True,native
B2_HCG_TM,ikarus[Laurent],961,961,961,0.8747469617627075,0.1252530349300027,3.3072898031338838e-09,0.0014169617627074471,16448.653699830174,14386.265600100187,1,False,False,native
B2_HCG_TM,ikarus[Li],1,1,1,0.028307754436720133,0.9716922431253359,2.437943957822597e-09,0.8450222455632799,3.647400066256523,3.90740018337965,3,True,True,native
B2_HCG_TM,ikarus[Li],3,3,3,0.40186858675954673,0.5981314101196022,3.1208510220537278e-09,0.4714614132404533,4.679500125348568,4.741800017654895,3,True,True,native
B2_HCG_TM,ikarus[Li],5,5,5,0.771536316745128,0.22846367963506317,3.6198088138039708e-09,0.10179368325487204,5.35929948091507,5.163599736988544,3,True,True,native
B2_HCG_TM,ikarus[Li],7,7,7,0.8420072875117605,0.15799270894813913,3.540100407262159e-09,0.03132271248823959,4.706500098109245,5.701259554794056,3,True,True,native
B2_HCG_TM,ikarus[Li],9,9,9,0.8643005898501367,0.1356994067392825,3.4105808177642416e-09,0.00902941014986336,6.760300137102604,5.701259554794056,3,True,True,native
B2_HCG_TM,ikarus[Li],11,11,11,0.8663068918071556,0.13369310479730437,3.3955400435825567e-09,0.007023108192844463,5.799500271677971,5.79950027167797,3,True,True,native
B2_HCG_TM,ikarus[Li],13,13,13,0.8696834380456058,0.13031655860799318,3.3464010451567106e-09,0.0036465619543942784,5.903299897909164,6.173299625515938,3,True,True,native
B2_HCG_TM,ikarus[Li],15,15,15,0.8708957541579186,0.12910424249744942,3.344631932522546e-09,0.002434245842081406,6.241000257432461,6.304799579083919,3,True,True,native
B2_HCG_TM,ikarus[Li],17,17,17,0.8715298470679156,0.12847014960780892,3.3242754937656827e-09,0.0018001529320844645,7.0222001522779465,9.097287298795644,3,True,True,native
B2_HCG_TM,ikarus[Li],19,19,19,0.8722326875260998,0.12776730914945153,3.324448633046373e-09,0.0010973124739002138,8.328699506819248,9.097287298795644,3,True,True,native
B2_HCG_TM,ikarus[Li],21,21,21,0.8723362196897559,0.12766377699555245,3.3146916045279085e-09,0.0009937803102441078,8.111599832773209,9.097287298795644,3,True,True,native
B2_HCG_TM,ikarus[Li],23,23,23,0.8727590061252655,0.12724099055955987,3.315174662565923e-09,0.0005709938747345822,13.130399398505688,10.317508181644538,3,True,True,native
B2_HCG_TM,ikarus[Li],25,25,25,0.8727424182394442,0.12725757845064706,3.3099087359822477e-09,0.0005875817605558442,9.166499599814415,10.317508181644538,3,True,True,native
B2_HCG_TM,ikarus[Li],27,27,27,0.8730096455307994,0.12699035115882001,3.3103805807677134e-09,0.0003203544692006455,13.003000058233738,12.79244377020361,3,True,True,native
B2_HCG_TM,ikarus[Li],29,29,29,0.872967940952384,0.12703205574029203,3.307324025758618e-09,0.0003620590476161034,11.333500035107136,12.79244377020361,3,True,True,native
B2_HCG_TM,ikarus[Li],31,31,31,0.8731446790629329,0.12685531762935293,3.307714158129471e-09,0.00018532093706713493,12.394599616527557,12.79244377020361,3,False,False,native
B2_HCG_TM,ikarus[Li],49,49,49,0.8733035961821759,0.12669640051429248,3.3035316149288008e-09,2.640381782414991e-05,24.1519995033741,23.672900162637234,3,True,True,native
B2_HCG_TM,ikarus[Li],81,81,81,0.8733611064509844,0.1266388902459457,3.303069873172859e-09,3.110645098436393e-05,65.63510000705719,65.7473001629114,3,True,True,native
B2_HCG_TM,ikarus[Li],121,121,121,0.8733606652181198,0.126639331478677,3.3032031554469654e-09,3.066521811978529e-05,129.45879995822906,136.5331001579761,3,True,True,native
B2_HCG_TM,ikarus[Li],169,169,169,0.8733535733473162,0.12664642334994353,3.302740247956848e-09,2.3573347316174775e-05,281.9664999842644,276.05810016393656,3,True,True,native
B2_HCG_TM,ikarus[Li],225,225,225,0.8733472695165504,0.12665272718084314,3.3026064660823806e-09,1.7269516550344477e-05,477.411599829793,477.4115998297929,3,True,True,native
B2_HCG_TM,ikarus[Li],289,289,289,0.8733425309011021,0.12665746579511772,3.303780138352863e-09,1.2530901102092429e-05,914.4804002717137,914.480400271714,3,True,True,native
B2_HCG_TM,ikarus[Li],361,361,361,0.8733390784581028,0.12666091823694486,3.3049523673334136e-09,9.078458102718123e-06,1451.5402996912599,1451.5402996912596,1,True,True,native
B2_HCG_TM,ikarus[Li],441,441,441,0.8733365572287917,0.12666343946600084,3.3052074965844724e-09,6.557228791614911e-06,1843.6258006840944,1866.031300276518,1,True,True,native
B2_HCG_TM,ikarus[Li],529,529,529,0.8733346926475103,0.126665304057789,3.294700706701903e-09,4.692647510240455e-06,2920.1850993558764,2997.0600996166445,1,True,True,native
B2_HCG_TM,ikarus[Li],625,625,625,0.8733332919191286,0.12666670477121367,3.309657770067531e-09,3.2919191285119e-06,5008.167999796569,4560.215099714699,1,True,True,native
B2_HCG_TM,ikarus[Li],729,729,729,0.8733322227394176,0.1266677739540867,3.3064957161155206e-09,2.2227394175233783e-06,6967.290099710226,6962.597399950032,1,True,True,native
B2_HCG_TM,ikarus[Li],841,841,841,0.8733313941629433,0.12666860256212492,3.274931825725247e-09,1.3941629432023817e-06,10976.366999559104,10781.145100481826,1,True,True,native
B2_HCG_TM,ikarus[Li],961,961,961,0.8733307426473954,0.12666925405901833,3.2935862648297842e-09,7.426473953575652e-07,14452.987000346184,13855.224200524392,1,False,False,native
B2_HCG_TM,ikarus[NV],1,1,1,0.028307754436720133,0.9716922431253359,2.437943957822597e-09,0.8450222455632799,56.07689917087555,55.858599953353405,3,True,True,native
B2_HCG_TM,ikarus[NV],3,3,3,0.40186858675954673,0.5981314101196022,3.1208510220537278e-09,0.4714614132404533,57.00380075722933,56.98959995061158,3,True,True,native
B2_HCG_TM,ikarus[NV],5,5,5,0.7715363167451285,0.22846367963506242,3.6198091191153026e-09,0.10179368325487159,57.05559998750687,57.055599987506845,3,True,True,native
B2_HCG_TM,ikarus[NV],7,7,7,0.8420072875117528,0.15799270894814355,3.540103654664506e-09,0.03132271248824725,57.395000010728836,57.41250049322844,3,True,True,native
B2_HCG_TM,ikarus[NV],9,9,9,0.8643005898501424,0.13569940673927686,3.410580790008666e-09,0.009029410149857697,57.83969908952713,58.30054704841294,3,True,True,native
B2_HCG_TM,ikarus[NV],11,11,11,0.8663068918071564,0.13369310479730015,3.395543485273933e-09,0.007023108192843686,57.956100441515446,58.30054704841294,3,True,True,native
B2_HCG_TM,ikarus[NV],13,13,13,0.8696834380456134,0.13031655860798652,3.3464000459559884e-09,0.003646561954386618,59.18040033429861,58.70960000902413,3,True,True,native
B2_HCG_TM,ikarus[NV],15,15,15,0.8708957541579108,0.12910424249745073,3.344638510593967e-09,0.0024342458420892887,59.493400156497955,59.49340015649798,3,True,True,native
B2_HCG_TM,ikarus[NV],17,17,17,0.8715298470679229,0.12847014960781392,3.3242631702901093e-09,0.001800152932077137,61.59929931163788,61.735597072333434,3,True,True,native
B2_HCG_TM,ikarus[NV],19,19,19,0.8722326875260838,0.1277673091494496,3.3244665631482206e-09,0.001097312473916201,61.137800104916096,61.735597072333434,3,True,True,native
B2_HCG_TM,ikarus[NV],21,21,21,0.8723362196897584,0.12766377699555945,3.314682167632199e-09,0.0009937803102416654,61.23729981482029,61.735597072333434,3,True,True,native
B2_HCG_TM,ikarus[NV],23,23,23,0.8727590061252581,0.12724099055954669,3.315195173936303e-09,0.0005709938747419097,62.85129953175783,62.34731636491433,3,True,True,native
B2_HCG_TM,ikarus[NV],25,25,25,0.8727424182394237,0.12725757845062952,3.3099468166319923e-09,0.0005875817605763833,62.07810062915087,62.34731636491433,3,True,True,native
B2_HCG_TM,ikarus[NV],27,27,27,0.8730096455308146,0.1269903511588133,3.310372087561575e-09,0.0003203544691854354,70.10750006884336,68.30528342118451,3,True,True,native
B2_HCG_TM,ikarus[NV],29,29,29,0.8729679409523765,0.12703205574032372,3.3072997673855298e-09,0.0003620590476235419,70.72040066123009,68.30528342118451,3,True,True,native
B2_HCG_TM,ikarus[NV],31,31,31,0.8731446790629517,0.12685531762937932,3.3076689998079445e-09,0.00018532093704837216,65.13009965419769,68.30528342118451,3,False,False,native
B2_HCG_TM,ikarus[NV],49,49,49,0.8733035961824039,0.12669640051418685,3.303409212840336e-09,2.6403817596110102e-05,78.57139967381954,76.63599960505965,3,True,True,native
B2_HCG_TM,ikarus[NV],81,81,81,0.8733611064519964,0.12663889024513997,3.302863649246035e-09,3.110645199633222e-05,118.18969994783401,118.18969994783386,3,True,True,native
B2_HCG_TM,ikarus[NV],121,121,121,0.8733606652171035,0.12663933147985307,3.303043394353722e-09,3.066521710348713e-05,185.67770067602396,185.67770067602393,3,True,True,native
B2_HCG_TM,ikarus[NV],169,169,169,0.8733535733462174,0.1266464233497016,3.3040809532813853e-09,2.3573346217387048e-05,329.16839979588985,329.8449004068969,3,True,True,native
B2_HCG_TM,ikarus[NV],225,225,225,0.8733472695146413,0.12665272718053103,3.3048277170433238e-09,1.7269514641204964e-05,533.8127994909883,533.8127994909881,3,True,True,native
B2_HCG_TM,ikarus[NV],289,289,289,0.873342530904611,0.12665746579426249,3.3011265110349797e-09,1.2530904610952298e-05,1002.5543002411723,1007.4522998183976,1,True,True,native
B2_HCG_TM,ikarus[NV],361,361,361,0.8733390784531536,0.12666091824117592,3.305670459585741e-09,9.078453153565924e-06,1551.0967001318932,1540.7509999349709,1,True,True,native
B2_HCG_TM,ikarus[NV],441,441,441,0.8733365572263118,0.12666343947009312,3.3035951196858093e-09,6.557226311709741e-06,1919.7121001780033,2004.9932003021245,1,True,True,native
B2_HCG_TM,ikarus[NV],529,529,529,0.8733346926165685,0.12666530407680698,3.3066245297419528e-09,4.692616568435781e-06,2813.000399619341,2845.013800077141,1,True,True,native
B2_HCG_TM,ikarus[NV],625,625,625,0.8733332918973054,0.12666670479319278,3.309501866999298e-09,3.291897305301994e-06,5220.4823000356555,4771.828699856994,1,True,True,native
B2_HCG_TM,ikarus[NV],729,729,729,0.8733322227299835,0.1266677739563981,3.31361843519673e-09,2.2227299834032266e-06,7262.675799429417,7119.261399842795,1,True,True,native
B2_HCG_TM,ikarus[NV],841,841,841,0.8733313941302354,0.1266686025572569,3.3125076848161683e-09,1.3941302353659424e-06,12774.551200680435,11332.875699736187,1,True,True,native
B2_HCG_TM,ikarus[NV],961,961,961,0.8733307426981286,0.12666925402645757,3.275413829051388e-09,7.426981285529877e-07,15218.091200105846,14338.746200315662,1,False,False,native
B3_Au_slits_TM,fork[Laurent],1,1,1,0.9735032299701136,5.7812017449100764e-08,0.026496712217868926,0.18027022997011366,1.1230995878577232,1.1230995878577232,3,True,True,native
B3_Au_slits_TM,fork[Laurent],3,3,3,0.9715142437752724,8.820787285671505e-07,0.028484874145999033,0.17828124377527244,1.3680001720786095,1.383400522172451,3,True,True,native
B3_Au_slits_TM,fork[Laurent],5,5,5,0.9661634143001344,3.992437732475432e-05,0.03379666132254083,0.17293041430013445,1.569199375808239,1.569199375808239,3,True,True,native
B3_Au_slits_TM,fork[Laurent],7,7,7,0.940196389154839,0.002855061793763383,0.05694854905139757,0.14696338915483909,1.7058001831173897,1.6962997615337372,3,True,True,native
B3_Au_slits_TM,fork[Laurent],9,9,9,0.10668434586808084,0.4629308402473025,0.43038481388461663,0.6865486541319191,1.9920999184250832,2.0190998911857605,3,True,True,native
B3_Au_slits_TM,fork[Laurent],11,11,11,0.7381753160350462,0.2027301679852072,0.05909451597974663,0.05505768396495381,2.168000675737858,2.201199531555176,3,True,True,native
B3_Au_slits_TM,fork[Laurent],13,13,13,0.7644255861049707,0.19106164348437246,0.04451277041065685,0.028807413895029277,3.2656993716955185,2.4069994688034058,3,True,True,native
B3_Au_slits_TM,fork[Laurent],15,15,15,0.6423812660890829,0.24136200573935526,0.11625672817156188,0.1508517339109171,2.6402994990348816,2.642500214278698,3,True,True,native
B3_Au_slits_TM,fork[Laurent],17,17,17,0.6600859947743279,0.18843001234092704,0.151483992884745,0.13314700522567202,4.165099933743477,4.1825007647275925,3,True,True,native
B3_Au_slits_TM,fork[Laurent],19,19,19,0.5230822882173171,0.20120259414657551,0.27571511763610745,0.2701507117826829,5.548999644815922,4.714000038802624,3,True,True,native
B3_Au_slits_TM,fork[Laurent],21,21,21,0.5233763844277416,0.05272060405619392,0.42390301151606447,0.2698566155722584,5.259700119495392,5.244099535048008,3,True,True,native
B3_Au_slits_TM,fork[Laurent],23,23,23,0.7706579883595769,0.18518959910400778,0.04415241253641533,0.02257501164042308,6.489800289273262,6.495135192411687,3,True,True,native
B3_Au_slits_TM,fork[Laurent],25,25,25,0.7739476867671322,0.187458247201843,0.038594066031024776,0.01928531323286775,7.040799595415592,6.495135192411687,3,True,True,native
B3_Au_slits_TM,fork[Laurent],27,27,27,0.7545501901343095,0.16959137828152396,0.07585843158416658,0.038682809865690504,8.748899213969707,8.3849283538469,3,True,True,native
B3_Au_slits_TM,fork[Laurent],29,29,29,0.7267697568537153,0.1810866809385232,0.09214356220776154,0.06646324314628471,10.95729973167181,8.3849283538469,3,True,True,native
B3_Au_slits_TM,fork[Laurent],31,31,31,0.5507260722301011,0.15149366523143892,0.29778026253846,0.2425069277698989,8.640600368380547,8.792299777269362,3,False,False,native
B3_Au_slits_TM,fork[Laurent],49,49,49,0.7763869766291994,0.1778085420038352,0.04580448136696538,0.016846023370800545,19.661299884319305,19.410999491810795,3,True,True,native
B3_Au_slits_TM,fork[Laurent],81,81,81,0.7827062729261067,0.17813742380585482,0.039156303268038456,0.010526727073893238,55.79689983278513,55.79689983278514,3,True,True,native
B3_Au_slits_TM,fork[Laurent],121,121,121,0.7886060789986767,0.17851782597374818,0.032876095027575075,0.004626921001323225,116.76299944519997,116.76299944519992,3,True,True,native
B3_Au_slits_TM,fork[Laurent],169,169,169,0.7904286841615537,0.17978164041235362,0.029789675426092732,0.002804315838446314,269.1609002649784,269.1609002649784,3,True,True,native
B3_Au_slits_TM,fork[Laurent],225,225,225,0.7842914337392627,0.17724639331564915,0.03846217294508816,0.008941566260737277,476.3078996911645,477.1340992301702,3,True,True,native
B3_Au_slits_TM,fork[Laurent],289,289,289,0.7917321427205328,0.17949388338978586,0.02877397388968131,0.0015008572794671382,960.9462004154921,908.7805999442936,3,True,True,native
B3_Au_slits_TM,fork[Laurent],361,361,361,0.7902002666487069,0.1792647837774924,0.030534949573800707,0.00303273335129306,1332.7484000474215,1338.1883995607493,1,True,True,native
B3_Au_slits_TM,fork[Laurent],441,441,441,0.7919264711738496,0.17948311301188422,0.028590415814266162,0.0013065288261503438,2018.4164000675082,2033.097700215876,1,True,True,native
B3_Au_slits_TM,fork[Laurent],529,529,529,0.7904298369516376,0.17914519353597633,0.030424969512386074,0.002803163048362367,3250.758199952543,3258.7182000279436,1,True,True,native
B3_Au_slits_TM,fork[Laurent],625,625,625,0.7925774586750111,0.1792531232823289,0.028169418042660044,0.0006555413249889064,4280.703300610185,4288.054499775172,1,True,True,native
B3_Au_slits_TM,fork[Laurent],729,729,729,0.7836355625425946,0.17755741263043923,0.038807024826966185,0.009597437457405378,6545.4056998714805,6783.473100513219,1,True,True,native
B3_Au_slits_TM,fork[Laurent],841,841,841,0.792643256242175,0.17942668787279548,0.027930055885029503,0.0005897437578249454,12806.276900693774,9816.863799467686,1,True,True,native
B3_Au_slits_TM,fork[Laurent],961,961,961,0.7925956315815943,0.17940550268017222,0.027998865738233486,0.0006373684184056705,12397.245800122619,11482.0499997586,1,False,False,native
B3_Au_slits_TM,fork[Pol],1,1,1,0.9729032826622259,7.995866473065754e-08,0.027096637379109348,0.17967028266222596,36.267600022256374,25.975731493061925,3,True,True,native
B3_Au_slits_TM,fork[Pol],3,3,3,0.9707580171243334,1.5301483187896752e-06,0.029240452727347804,0.17752501712433344,24.565699510276318,25.975731493061925,3,True,True,native
B3_Au_slits_TM,fork[Pol],5,5,5,0.964332789973445,5.894960031493197e-05,0.03560826042624011,0.171099789973445,24.07470066100359,25.975731493061925,3,True,True,native
B3_Au_slits_TM,fork[Pol],7,7,7,0.9311908669709386,0.004421265291701853,0.06438786773735959,0.1379578669709386,24.19470064342022,25.975731493061925,3,True,True,native
B3_Au_slits_TM,fork[Pol],9,9,9,0.07455937695537945,0.5051031565492963,0.42033746649532433,0.7186736230446205,24.565699510276318,25.975731493061925,3,True,True,native
B3_Au_slits_TM,fork[Pol],11,11,11,0.7351363440368582,0.20679347188679587,0.0580701840763459,0.05809665596314173,24.81089998036623,25.975731493061925,3,True,True,native
B3_Au_slits_TM,fork[Pol],13,13,13,0.7659691455966131,0.18973160762039565,0.04429924678299124,0.027263854403386856,25.368199683725834,25.975731493061925,3,True,True,native
B3_Au_slits_TM,fork[Pol],15,15,15,0.5855735233242793,0.2373046516242218,0.17712182505149895,0.2076594766757207,25.668499991297722,25.975731493061925,3,True,True,native
B3_Au_slits_TM,fork[Pol],17,17,17,0.6589745854671343,0.1796421596029645,0.16138325492990122,0.1342584145328657,36.123800091445446,36.99061874938549,3,True,True,native
B3_Au_slits_TM,fork[Pol],19,19,19,0.4934766297294513,0.0943762504669741,0.41214711980357466,0.2997563702705487,38.28460071235895,36.99061874938549,3,True,True,native
B3_Au_slits_TM,fork[Pol],21,21,21,0.29985269992170666,0.1812460964577592,0.5189012036205343,0.4933803000782933,39.37039989978075,37.07340080291032,3,True,True,native
B3_Au_slits_TM,fork[Pol],23,23,23,0.7858087247590615,0.1824028609154621,0.03178841432547641,0.007424275240938472,31.616199761629105,39.28277750555894,3,True,True,native
B3_Au_slits_TM,fork[Pol],25,25,25,0.771306918454668,0.18738257612499187,0.04131050542034009,0.021926081545331932,39.15710002183914,39.28277750555894,3,True,True,native
B3_Au_slits_TM,fork[Pol],27,27,27,0.7608777301372223,0.16879247522041185,0.07032979464236588,0.0323552698627777,40.88279977440834,40.88279977440835,3,True,True,native
B3_Au_slits_TM,fork[Pol],29,29,29,0.7045405791573746,0.17927057512175598,0.11618884572086946,0.08869242084262541,43.280200101435184,47.36864032769833,3,True,True,native
B3_Au_slits_TM,fork[Pol],31,31,31,0.5749858003664164,0.05028598289078059,0.374728216742803,0.21824719963358352,42.64759924262762,47.36864032769833,3,False,False,native
B3_Au_slits_TM,fork[Pol],49,49,49,0.7725632631669361,0.17530140211233627,0.052135334720727594,0.020669736833063834,55.29579985886812,53.86540014296771,3,True,True,native
B3_Au_slits_TM,fork[Pol],81,81,81,0.7814647772021532,0.1771683127768408,0.041366910021005954,0.011768222797846728,91.4007006213069,91.40070062130688,3,True,True,native
B3_Au_slits_TM,fork[Pol],121,121,121,0.8006382096955182,0.18159403424979403,0.017767756054687722,0.007405209695518278,170.13780027627945,164.40960019826886,3,True,True,native
B3_Au_slits_TM,fork[Pol],169,169,169,0.7891894900336984,0.1789013111982214,0.03190919876808018,0.0040435099663015395,312.48680036515,323.3860004693269,3,True,True,native
B3_Au_slits_TM,fork[Pol],225,225,225,0.7920200622066821,0.17921026261921458,0.028769675174103337,0.0012129377933178809,562.326299957931,559.1336004436018,3,True,True,native
B3_Au_slits_TM,fork[Pol],289,289,289,0.7903670381850563,0.1790257856665078,0.030607176148435944,0.002865961814943696,1010.6079000979662,1005.8741001412272,1,True,True,native
B3_Au_slits_TM,fork[Pol],361,361,361,0.7938519446794411,0.17951325845226512,0.026634796868293786,0.0006189446794411246,1598.2154002413154,1587.937099859118,1,True,True,native
B3_Au_slits_TM,fork[Pol],441,441,441,0.793138424552959,0.1794223681520522,0.027439207294988777,9.457544704094545e-05,2418.1189006194472,2336.409400217235,1,True,True,native
B3_Au_slits_TM,fork[Pol],529,529,529,0.7925968005496001,0.17935555025357058,0.028047649196829283,0.0006361994503998325,3400.7823998108506,3400.782399810852,1,True,True,native
B3_Au_slits_TM,fork[Pol],625,625,625,0.7935007103479405,0.17950951256129782,0.026989777090761724,0.0002677103479404863,4979.363500140607,4909.868500195443,1,True,True,native
B3_Au_slits_TM,fork[Pol],729,729,729,0.7929268746725046,0.17939763838319037,0.027675486944305078,0.0003061253274954101,6929.263699799776,6929.2636997997715,1,True,True,native
B3_Au_slits_TM,fork[Pol],841,841,841,0.7932658893679734,0.17943758754473146,0.02729652308729516,3.288936797340991e-05,9726.806100457907,13566.083239533378,1,True,True,native
B3_Au_slits_TM,fork[Pol],961,961,961,0.7931632063859175,0.1794254897297473,0.02741130388433516,6.979361408243623e-05,13083.263299427927,13566.083239533378,1,False,False,native
B3_Au_slits_TM,ikarus[Laurent],1,1,1,0.9735038413291647,5.7812055709020545e-08,0.026496100858779615,0.1802708413291647,2.4094004184007645,2.46219988912344,3,True,True,native
B3_Au_slits_TM,ikarus[Laurent],3,3,3,0.9715148537931899,8.820792495655708e-07,0.02848426412756052,0.17828185379318995,2.949199639260769,2.949199639260769,3,True,True,native
B3_Au_slits_TM,ikarus[Laurent],5,5,5,0.9661640203671031,3.99243993860327e-05,0.03379605523351083,0.17293102036710317,3.928200341761112,3.250500187277794,3,True,True,native
B3_Au_slits_TM,ikarus[Laurent],7,7,7,0.9401969744734905,0.0028550633186064755,0.05694796220790304,0.14696397447349052,3.400600515305996,3.554600290954113,3,True,True,native
B3_Au_slits_TM,ikarus[Laurent],9,9,9,0.10668434101006107,0.4629311132331671,0.4303845457567718,0.6865486589899389,4.004400223493576,3.9859004318714146,3,True,True,native
B3_Au_slits_TM,ikarus[Laurent],11,11,11,0.7381758313282144,0.20273028670032478,0.059093881971460815,0.05505716867178556,4.161400720477104,4.190700128674507,3,True,True,native
B3_Au_slits_TM,ikarus[Laurent],13,13,13,0.7644261389704544,0.19106175814876122,0.04451210288078436,0.02880686102954555,4.476300440728664,4.476699978113174,3,True,True,native
B3_Au_slits_TM,ikarus[Laurent],15,15,15,0.6423817466139431,0.24136215913080078,0.11625609425525613,0.15085125338605687,4.799099639058113,4.8065995797514915,3,True,True,native
B3_Au_slits_TM,ikarus[Laurent],17,17,17,0.660086468736698,0.18843014487755352,0.15148338638574851,0.133146531263302,5.496500059962273,6.550553021249705,3,True,True,native
B3_Au_slits_TM,ikarus[Laurent],19,19,19,0.5230826384416568,0.20120276153709027,0.2757146000212529,0.27015036155834316,7.016199640929699,6.550553021249705,3,True,True,native
B3_Au_slits_TM,ikarus[Laurent],21,21,21,0.5233767029297431,0.05272063549443539,0.42390266157582146,0.2698562970702568,8.241900242865086,8.117799647152424,3,True,True,native
B3_Au_slits_TM,ikarus[Laurent],23,23,23,0.7706585332329658,0.18518971050554528,0.04415175626148887,0.022574466767034118,9.27990023046732,8.484444764169808,3,True,True,native
B3_Au_slits_TM,ikarus[Laurent],25,25,25,0.7739482449366586,0.1874583606888242,0.0385933943745172,0.019284755063341374,7.6413992792367935,8.484444764169808,3,True,True,native
B3_Au_slits_TM,ikarus[Laurent],27,27,27,0.7545507258751871,0.16959148593984474,0.07585778818496813,0.03868227412481284,9.827200323343277,9.552500210702421,3,True,True,native
B3_Au_slits_TM,ikarus[Laurent],29,29,29,0.7267702808272525,0.18108679968121624,0.09214291949153128,0.06646271917274749,12.690600007772446,12.422899715602396,3,True,True,native
B3_Au_slits_TM,ikarus[Laurent],31,31,31,0.5507264234911723,0.15149378418201126,0.29777979232681645,0.24250657650882768,13.478799723088741,13.318499550223349,3,False,False,native
B3_Au_slits_TM,ikarus[Laurent],49,49,49,0.7763875314750486,0.17780865255761621,0.04580381596733521,0.01684546852495139,21.951899863779545,21.800199523568157,3,True,True,native
B3_Au_slits_TM,ikarus[Laurent],81,81,81,0.7827068312741924,0.17813753382689906,0.03915563489890855,0.010526168725807583,61.627999879419804,64.02330007404086,3,True,True,native
B3_Au_slits_TM,ikarus[Laurent],121,121,121,0.788606639897928,0.1785179355484161,0.032875424553655885,0.004626360102071958,126.19440071284771,134.4826994463801,3,True,True,native
B3_Au_slits_TM,ikarus[Laurent],169,169,169,0.79042924552773,0.17978174985476508,0.029789004617504944,0.0028037544722699925,271.46519999951124,270.5553006380797,3,True,True,native
B3_Au_slits_TM,ikarus[Laurent],225,225,225,0.7842919914640919,0.1772465025501592,0.038461505985748906,0.008941008535908068,458.93319975584745,470.39739973843075,3,True,True,native
B3_Au_slits_TM,ikarus[Laurent],289,289,289,0.7917327041036024,0.17949399293182539,0.0287733029645722,0.0015002958963975521,925.5202999338508,878.209199756385,3,True,True,native
B3_Au_slits_TM,ikarus[Laurent],361,361,361,0.7902008271723803,0.17926489279580185,0.03053428003181788,0.0030321728276196946,1228.2491996884346,1269.857499748468,1,True,True,native
B3_Au_slits_TM,ikarus[Laurent],441,441,441,0.7919270329064025,0.17948322242508682,0.028589744668510636,0.0013059670935974266,2044.4996003061533,2044.4996003061535,1,True,True,native
B3_Au_slits_TM,ikarus[Laurent],529,529,529,0.7904303966639462,0.17914530301142081,0.030424300324632975,0.002802603336053755,3116.995199583471,3022.155500017107,1,True,True,native
B3_Au_slits_TM,ikarus[Laurent],625,625,625,0.792578020936084,0.17925323282167338,0.028168746242242637,0.0006549790639159836,5288.223899900913,4504.767999984328,1,True,True,native
B3_Au_slits_TM,ikarus[Laurent],729,729,729,0.7836361166178583,0.17755752154134652,0.03880636184079522,0.009596883382141708,6569.753400050104,6371.958800591528,1,True,True,native
B3_Au_slits_TM,ikarus[Laurent],841,841,841,0.7926438180645567,0.17942679748050097,0.02792938445494228,0.0005891819354432171,10957.500000484288,10808.291099965587,1,True,True,native
B3_Au_slits_TM,ikarus[Laurent],961,961,961,0.7925961933656199,0.1794056122292915,0.027998194405088578,0.0006368066343800383,15008.308500051498,14386.265600100187,1,False,False,native
B3_Au_slits_TM,ikarus[Li],1,1,1,0.03690360213410347,0.9354971000978977,0.027599297767998854,0.7563293978658965,5.973500199615955,3.90740018337965,3,True,True,native
B3_Au_slits_TM,ikarus[Li],3,3,3,0.6990062186393017,0.281546944466024,0.019446836894674302,0.09422678136069829,4.786300472915173,4.741800017654895,3,True,True,native
B3_Au_slits_TM,ikarus[Li],5,5,5,0.7971448489918866,0.1770075191205589,0.025847631887554456,0.0039118489918866794,4.674700088799,5.163599736988544,3,True,True,native
B3_Au_slits_TM,ikarus[Li],7,7,7,0.7253438372804166,0.16928958931467913,0.10536657340490424,0.06788916271958334,5.6130001321434975,5.701259554794056,3,True,True,native
B3_Au_slits_TM,ikarus[Li],9,9,9,0.7808885482290211,0.13200611284066477,0.08710533893031414,0.01234445177097887,6.175899878144264,5.701259554794056,3,True,True,native
B3_Au_slits_TM,ikarus[Li],11,11,11,0.7434225051241925,0.16568471207723992,0.09089278279856758,0.049810494875807465,5.758099257946014,5.79950027167797,3,True,True,native
B3_Au_slits_TM,ikarus[Li],13,13,13,0.7744956242057114,0.18589106558343535,0.039613310210853264,0.01873737579428858,7.033300586044788,6.173299625515938,3,True,True,native
B3_Au_slits_TM,ikarus[Li],15,15,15,0.7793378715481318,0.1723406486499394,0.048321479801928774,0.013895128451868133,6.460399366915226,6.304799579083919,3,True,True,native
B3_Au_slits_TM,ikarus[Li],17,17,17,0.7938674357835406,0.17519831716555173,0.030934247050907693,0.00063443578354061,9.268200024962425,9.097287298795644,3,True,True,native
B3_Au_slits_TM,ikarus[Li],19,19,19,0.7907123599445468,0.1806914368061086,0.028596203249344587,0.0025206400554531605,9.98849980533123,9.097287298795644,3,True,True,native
B3_Au_slits_TM,ikarus[Li],21,21,21,0.790999702783346,0.18029781747830506,0.028702479738348968,0.0022332972166539955,8.12160037457943,9.097287298795644,3,True,True,native
B3_Au_slits_TM,ikarus[Li],23,23,23,0.7868829680779501,0.18045313346254205,0.032663898459507845,0.006350031922049859,11.263599619269371,10.317508181644538,3,True,True,native
B3_Au_slits_TM,ikarus[Li],25,25,25,0.789412245243279,0.17740239363550936,0.03318536112121162,0.0038207547567209454,9.727699682116508,10.317508181644538,3,True,True,native
B3_Au_slits_TM,ikarus[Li],27,27,27,0.791883044453259,0.17887966446156606,0.029237291085174977,0.0013499555467409996,14.171300455927849,12.79244377020361,3,True,True,native
B3_Au_slits_TM,ikarus[Li],29,29,29,0.7910349820375498,0.18051165748675488,0.028453360475695272,0.002198017962450116,11.58009935170412,12.79244377020361,3,True,True,native
B3_Au_slits_TM,ikarus[Li],31,31,31,0.79054735976726,0.18073716609143572,0.028715474141304292,0.002685640232739983,12.662699446082115,12.79244377020361,3,False,False,native
B3_Au_slits_TM,ikarus[Li],49,49,49,0.7926829901469759,0.17951645895654084,0.02780055089648331,0.0005500098530241138,24.282400496304035,23.672900162637234,3,True,True,native
B3_Au_slits_TM,ikarus[Li],81,81,81,0.7928201769165066,0.17937242040176754,0.027807402681725824,0.00041282308349332997,64.01269976049662,65.7473001629114,3,True,True,native
B3_Au_slits_TM,ikarus[Li],121,121,121,0.7930167299607671,0.17945295579390227,0.027530314245330617,0.0002162700392328576,134.3829995021224,136.5331001579761,3,True,True,native
B3_Au_slits_TM,ikarus[Li],169,169,169,0.7929313011979777,0.17937572922854483,0.027692969573477444,0.0003016988020222433,276.0581001639366,276.05810016393656,3,True,True,native
B3_Au_slits_TM,ikarus[Li],225,225,225,0.7930942134048247,0.1794295728782674,0.02747621371690792,0.0001387865951752998,471.0244005545974,477.4115998297929,3,True,True,native
B3_Au_slits_TM,ikarus[Li],289,289,289,0.7931261937316163,0.17942532183571386,0.02744848443266984,0.00010680626838366347,853.3776002004743,914.480400271714,3,True,True,native
B3_Au_slits_TM,ikarus[Li],361,361,361,0.7931973822953103,0.17943619023242413,0.02736642747226553,3.561770468962777e-05,1376.082600094378,1451.5402996912596,1,True,True,native
B3_Au_slits_TM,ikarus[Li],441,441,441,0.7932217550345876,0.1794443621545874,0.027333882810825022,1.1244965412382513e-05,1866.0313002765179,1866.031300276518,1,True,True,native
B3_Au_slits_TM,ikarus[Li],529,529,529,0.7932383038953013,0.1794531528864264,0.027308543218272335,5.303895301289607e-06,2997.0600996166468,2997.0600996166445,1,True,True,native
B3_Au_slits_TM,ikarus[Li],625,625,625,0.7932775826677928,0.17946255580920575,0.027259861523001444,4.458266779283626e-05,5451.886000111699,4560.215099714699,1,True,True,native
B3_Au_slits_TM,ikarus[Li],729,729,729,0.7932705367732227,0.17946082143282158,0.027268641793955745,3.753677322271276e-05,7421.054299920797,6962.597399950032,1,True,True,native
B3_Au_slits_TM,ikarus[Li],841,841,841,0.7932793743135177,0.17946153025993547,0.027259095426546837,4.637431351772747e-05,10781.145100481808,10781.145100481826,1,True,True,native
B3_Au_slits_TM,ikarus[Li],961,961,961,0.7932871272081609,0.17946365079902202,0.027249221992817124,5.412720816089234e-05,13855.22420052439,13855.224200524392,1,False,False,native
B3_Au_slits_TM,ikarus[NV],1,1,1,0.036903602134103375,0.9354971000978974,0.027599297767999187,0.7563293978658966,55.74299953877926,55.858599953353405,3,True,True,native
B3_Au_slits_TM,ikarus[NV],3,3,3,0.6990062186393015,0.28154694446602435,0.01944683689467419,0.09422678136069851,56.78590014576912,56.98959995061158,3,True,True,native
B3_Au_slits_TM,ikarus[NV],5,5,5,0.7971448489918872,0.17700751912056015,0.025847631887552652,0.0039118489918872346,56.989300064742565,57.055599987506845,3,True,True,native
B3_Au_slits_TM,ikarus[NV],7,7,7,0.7253438372804206,0.1692895893146736,0.10536657340490577,0.06788916271957934,57.33320023864508,57.41250049322844,3,True,True,native
B3_Au_slits_TM,ikarus[NV],9,9,9,0.7808885482290212,0.13200611284066138,0.08710533893031741,0.01234445177097876,58.59270039945841,58.30054704841294,3,True,True,native
B3_Au_slits_TM,ikarus[NV],11,11,11,0.7434225051241886,0.1656847120772351,0.0908927827985763,0.04981049487581135,58.28170012682676,58.30054704841294,3,True,True,native
B3_Au_slits_TM,ikarus[NV],13,13,13,0.774495624205735,0.1858910655834153,0.039613310210849656,0.018737375794264932,58.665599673986435,58.70960000902413,3,True,True,native
B3_Au_slits_TM,ikarus[NV],15,15,15,0.7793378715481174,0.17234064864993756,0.04832147980194504,0.013895128451882566,58.976300060749054,59.49340015649798,3,True,True,native
B3_Au_slits_TM,ikarus[NV],17,17,17,0.7938674357835402,0.1751983171655378,0.03093424705092196,0.000634435783540277,62.26050015538931,61.735597072333434,3,True,True,native
B3_Au_slits_TM,ikarus[NV],19,19,19,0.7907123599445063,0.1806914368061297,0.028596203249364016,0.0025206400554936836,65.49649965018034,61.735597072333434,3,True,True,native
B3_Au_slits_TM,ikarus[NV],21,21,21,0.7909997027833312,0.18029781747831858,0.028702479738350217,0.0022332972166687615,62.16020043939352,61.735597072333434,3,True,True,native
B3_Au_slits_TM,ikarus[NV],23,23,23,0.7868829680779836,0.18045313346252712,0.03266389845948925,0.00635003192201633,61.98439933359623,62.34731636491433,3,True,True,native
B3_Au_slits_TM,ikarus[NV],25,25,25,0.7894122452432708,0.17740239363552174,0.03318536112120746,0.003820754756729161,62.43319995701313,62.34731636491433,3,True,True,native
B3_Au_slits_TM,ikarus[NV],27,27,27,0.7918830444532696,0.1788796644615768,0.029237291085153577,0.0013499555467303415,69.5941997691989,68.30528342118451,3,True,True,native
B3_Au_slits_TM,ikarus[NV],29,29,29,0.7910349820375414,0.18051165748678089,0.028453360475677703,0.002198017962458554,69.14449948817492,68.30528342118451,3,True,True,native
B3_Au_slits_TM,ikarus[NV],31,31,31,0.7905473597671836,0.18073716609151774,0.028715474141298658,0.0026856402328163664,65.49539975821972,68.30528342118451,3,False,False,native
B3_Au_slits_TM,ikarus[NV],49,49,49,0.7926829901469183,0.17951645895658605,0.027800550896495607,0.0005500098530816233,76.76229998469353,76.63599960505965,3,True,True,native
B3_Au_slits_TM,ikarus[NV],81,81,81,0.7928201769164608,0.17937242040182594,0.027807402681713278,0.0004128230835391822,116.1423996090889,118.18969994783386,3,True,True,native
B3_Au_slits_TM,ikarus[NV],121,121,121,0.7930167299610987,0.17945295579312837,0.027530314245772902,0.00021627003890123397,182.74910002946854,185.67770067602393,3,True,True,native
B3_Au_slits_TM,ikarus[NV],169,169,169,0.7929313011968547,0.1793757292298078,0.027692969573337473,0.0003016988031452339,327.81630009412766,329.8449004068969,3,True,True,native
B3_Au_slits_TM,ikarus[NV],225,225,225,0.793094213402566,0.17942957288019584,0.02747621371723813,0.0001387865974339375,527.1338000893593,533.8127994909881,3,True,True,native
B3_Au_slits_TM,ikarus[NV],289,289,289,0.7931261937319899,0.17942532183469853,0.027448484433311576,0.00010680626801007342,932.7809000387788,1007.4522998183976,3,True,True,native
B3_Au_slits_TM,ikarus[NV],361,361,361,0.7931973822960269,0.1794361902317573,0.02736642747221582,3.561770397308983e-05,1379.4480999931693,1540.7509999349709,1,True,True,native
B3_Au_slits_TM,ikarus[NV],441,441,441,0.7932217550356573,0.17944436215456702,0.027333882809775695,1.1244964342682628e-05,1951.7094995826483,2004.9932003021245,1,True,True,native
B3_Au_slits_TM,ikarus[NV],529,529,529,0.7932383039227667,0.17945315286212363,0.027308543215109643,5.303922766763947e-06,2834.892399609089,2845.013800077141,1,True,True,native
B3_Au_slits_TM,ikarus[NV],625,625,625,0.7932775826918995,0.17946255579075868,0.027259861517341805,4.4582691899552884e-05,5324.349199421704,4771.828699856994,1,True,True,native
B3_Au_slits_TM,ikarus[NV],729,729,729,0.7932705367928863,0.17946082141219938,0.02726864179491434,3.753679288631684e-05,7545.0748996809125,7119.261399842795,1,True,True,native
B3_Au_slits_TM,ikarus[NV],841,841,841,0.7932793743271094,0.17946153024195635,0.02725909543093427,4.637432710941081e-05,11524.429599754512,11332.875699736187,1,True,True,native
B3_Au_slits_TM,ikarus[NV],961,961,961,0.7932871278888598,0.17946365013870494,0.02724922197243526,5.4127888859833995e-05,14338.746200315654,14338.746200315662,1,False,False,native
C1_Si_pillars,fork[Laurent],1,"(1,1)",1,0.1511378237215697,0.8488610310733474,1.1452050828753002e-06,0.2463441762784303,5.425599403679371,5.4723977002864235,3,True,True,native
C1_Si_pillars,fork[Laurent],3,"(3,3)",9,0.8864343560959692,0.11356296501043704,2.678893593746623e-06,0.4889523560959692,6.919200532138348,6.458829514412671,3,True,True,native
C1_Si_pillars,fork[Laurent],5,"(5,5)",25,0.7926740956321705,0.20732361180744566,2.2925603838375164e-06,0.3951920956321705,11.090200394392014,11.291111267206254,3,True,True,native
C1_Si_pillars,fork[Laurent],7,"(7,7)",49,0.7170548641445968,0.28294287918638406,2.256669019096158e-06,0.31957286414459685,27.35310047864914,26.442751785139905,3,True,True,native
C1_Si_pillars,fork[Laurent],9,"(9,9)",81,0.6436154048115958,0.35638235982091215,2.2353674919983746e-06,0.24613340481159585,74.10930003970861,70.91396307587938,3,True,True,native
C1_Si_pillars,fork[Laurent],11,"(11,11)",121,0.5771914632664759,0.4228063363585615,2.200374962624263e-06,0.17970946326647586,136.44250016659498,132.55383168875673,3,True,True,native
C1_Si_pillars,fork[Laurent],13,"(13,13)",169,0.5600677681462418,0.43993004074350595,2.1911102522365056e-06,0.16258576814624182,297.1207005903125,296.886457926989,3,True,True,native
C1_Si_pillars,fork[Laurent],15,"(15,15)",225,0.5282500913192603,0.4717477348103275,2.1738704122364894e-06,0.13076809131926026,535.360399633646,525.4589039929923,3,True,True,native
C1_Si_pillars,fork[Laurent],17,"(17,17)",289,0.5110423432759125,0.4889554944964446,2.1622276429322795e-06,0.11356034327591247,1085.0044004619122,1053.0663817398352,1,True,True,native
C1_Si_pillars,fork[Laurent],19,"(19,19)",361,0.5013623099488561,0.4986355331399424,2.1569112014785397e-06,0.10388030994885611,1465.7852994278073,1455.0935055324335,1,True,True,native
C1_Si_pillars,fork[Laurent],21,"(21,21)",441,0.48492311711052644,0.5150747369922964,2.145897177174838e-06,0.08744111711052643,2249.2947997525334,2246.775038584848,1,True,True,native
C1_Si_pillars,fork[Laurent],23,"(23,23)",529,0.47965709370428644,0.5203407639597812,2.1423359323202718e-06,0.08217509370428644,3662.9173001274467,3537.893456681385,1,True,True,native
C1_Si_pillars,fork[Laurent],25,"(25,25)",625,0.4708817599559459,0.5291161033505379,2.136693516230359e-06,0.07339975995594589,4624.970800243318,4635.331295327665,1,True,True,native
C1_Si_pillars,fork[Laurent],27,"(27,27)",729,0.4635547868322537,0.5364430818585195,2.131309226771627e-06,0.0660727868322537,7341.971299611032,7206.663215815885,1,True,True,native
C1_Si_pillars,fork[Laurent],29,"(29,29)",841,0.46031716710821463,0.5396807035984513,2.1292933339855935e-06,0.06283516710821463,9137.77029979974,9230.918421112994,1,True,True,native
C1_Si_pillars,fork[Laurent],31,"(31,31)",961,0.45327433611007056,0.5467235396697137,2.1242202157267798e-06,0.05579233611007056,12609.831100329757,12850.802786703647,1,False,False,native
C1_Si_pillars,fork[Pol],1,"(1,1)",1,0.13791217973481557,0.8620867916080003,1.028657184209969e-06,0.25956982026518444,288.35010062903166,268.52672284953366,3,True,True,native
C1_Si_pillars,fork[Pol],3,"(3,3)",9,0.4196629470493167,0.5818157077797925,-0.0014786548291092494,0.022180947049316724,276.68510004878044,274.20508518596966,3,True,True,native
C1_Si_pillars,fork[Pol],5,"(5,5)",25,0.41424747804739354,0.5753128864894231,0.010439635463183383,0.016765478047393534,318.3976002037525,315.8498228006888,3,True,True,native
C1_Si_pillars,fork[Pol],7,"(7,7)",49,0.3857038325296836,0.6144238173269511,-0.00012764985663460404,0.011778167470316403,327.241500839591,329.20327000849363,3,True,True,native
C1_Si_pillars,fork[Pol],9,"(9,9)",81,0.3837464223458516,0.6175151311340333,-0.0012615534798848804,0.013735577654148401,375.2292999997735,364.62509217878704,3,True,True,native
C1_Si_pillars,fork[Pol],11,"(11,11)",121,0.39101929716688905,0.6084666260417224,0.0005140767913884847,0.006462702833110956,450.68169943988323,439.1448597326062,3,True,True,native
C1_Si_pillars,fork[Pol],13,"(13,13)",169,0.38635574292681046,0.6133413597741239,0.0003028972990656298,0.011126257073189538,660.2841001003981,637.5818792612644,3,True,True,native
C1_Si_pillars,fork[Pol],15,"(15,15)",225,0.38537191027381457,0.6147452200699375,-0.00011713034375204767,0.012110089726185436,881.0965996235609,876.0149960240559,3,True,True,native
C1_Si_pillars,fork[Pol],17,"(17,17)",289,0.38679381380993066,0.6132506155307538,-4.442934068449311e-05,0.010688186190069338,1417.1103006228805,1383.1226730098235,1,True,True,native
C1_Si_pillars,fork[Pol],19,"(19,19)",361,0.3867070301350988,0.6132329802826044,5.99895822968044e-05,0.01077496986490123,2001.7272997647524,1975.990446419623,1,True,True,native
C1_Si_pillars,fork[Pol],21,"(21,21)",441,0.3887990094580642,0.6111662219341999,3.4768607735879975e-05,0.008682990541935776,2849.1937005892396,2911.0751717849407,1,True,True,native
C1_Si_pillars,fork[Pol],23,"(23,23)",529,0.38654154950749253,0.6134443895028565,1.4060989650954703e-05,0.01094045049250747,4073.9110000431538,4071.2237636239165,1,True,True,native
C1_Si_pillars,fork[Pol],25,"(25,25)",625,0.3873261149867716,0.6127114890459063,-3.7604032677940324e-05,0.010155885013228394,5425.027300603688,5546.795417260053,1,True,True,native
C1_Si_pillars,fork[Pol],27,"(27,27)",729,0.38802130216030994,0.6119605952018015,1.810263788859512e-05,0.009460697839690058,7986.439300701022,7888.235212042393,1,True,True,native
C1_Si_pillars,fork[Pol],29,"(29,29)",841,0.3876982680248321,0.6122378787886115,6.385318655643957e-05,0.009783731975167909,10680.47310039401,10561.143635675002,1,True,True,native
C1_Si_pillars,fork[Pol],31,"(31,31)",961,0.38895700911060477,0.6110792388537478,-3.6247964352531525e-05,0.008524990889395234,13760.666099376976,13838.055531921782,1,False,False,native
C1_Si_pillars,ikarus[Laurent],1,"(1,1)",1,0.15113794361784197,0.84886205521706,1.1650980180633042e-09,0.24634405638215803,7.827700115740299,7.6105872046371665,3,True,True,native
C1_Si_pillars,ikarus[Laurent],3,"(3,3)",9,0.886436887117959,0.11356310941580948,3.4662315379074826e-09,0.488954887117959,9.024100378155708,9.020699478589755,3,True,True,native
C1_Si_pillars,ikarus[Laurent],5,"(5,5)",25,0.7926760051403744,0.20732399119902145,3.6606041531328515e-09,0.3951940051403744,13.588800095021725,13.496385496758597,3,True,True,native
C1_Si_pillars,ikarus[Laurent],7,"(7,7)",49,0.7170565516235049,0.28294344454943,3.827065109263117e-09,0.3195745516235049,30.42840026319027,29.2417133231555,3,True,True,native
C1_Si_pillars,ikarus[Laurent],9,"(9,9)",81,0.6436169002199568,0.35638309601500007,3.765043166126247e-09,0.24613490021995676,77.16640084981918,77.24261292253593,3,True,True,native
C1_Si_pillars,ikarus[Laurent],11,"(11,11)",121,0.5771927809039252,0.4228072152973211,3.798753644979058e-09,0.17971078090392523,156.98050055652857,149.06593296368362,3,True,True,native
C1_Si_pillars,ikarus[Laurent],13,"(13,13)",169,0.5600690408923715,0.4399309553064138,3.801214676357745e-09,0.16258704089237153,306.82780034840107,304.62710027633364,3,True,True,native
C1_Si_pillars,ikarus[Laurent],15,"(15,15)",225,0.5282512826045641,0.47174871363989096,3.755544930594823e-09,0.1307692826045641,522.6611001417041,517.8822099305725,3,True,True,native
C1_Si_pillars,ikarus[Laurent],17,"(17,17)",289,0.5110434898045256,0.48895650642394833,3.77152603592279e-09,0.11356148980452563,1009.4106001779437,1039.443370876399,1,True,True,native
C1_Si_pillars,ikarus[Laurent],19,"(19,19)",361,0.5013634323095865,0.49863656393945444,3.7509590988804575e-09,0.10388143230958646,1407.2225000709295,1394.9502378007282,1,True,True,native
C1_Si_pillars,ikarus[Laurent],21,"(21,21)",441,0.48492419773250445,0.5150757985298322,3.7376632899821516e-09,0.08744219773250445,2249.8961994424462,2308.1191361329315,1,True,True,native
C1_Si_pillars,ikarus[Laurent],23,"(23,23)",529,0.47965816102749737,0.5203418352296977,3.742804954853796e-09,0.08217616102749736,3434.654099866748,3348.068123334535,1,True,True,native
C1_Si_pillars,ikarus[Laurent],25,"(25,25)",625,0.4708828054569488,0.5291171908217539,3.7212972703315472e-09,0.07340080545694883,4767.485200427473,4799.7076577223725,1,True,True,native
C1_Si_pillars,ikarus[Laurent],27,"(27,27)",729,0.4635558138372641,0.536444182437975,3.7247609441237728e-09,0.06607381383726407,6230.026500299573,6116.717796881142,1,True,True,native
C1_Si_pillars,ikarus[Laurent],29,"(29,29)",841,0.4603181861876377,0.5396818100948141,3.7175481581996905e-09,0.0628361861876377,9259.233900345862,9464.45753668351,1,True,True,native
C1_Si_pillars,ikarus[Laurent],31,"(31,31)",961,0.45327533763203304,0.5467246586591431,3.708823803627581e-09,0.055793337632033035,14290.47970008105,12748.898045297565,1,False,False,native
C1_Si_pillars,ikarus[Li],1,"(1,1)",1,0.03912639411171485,0.9608736029291289,2.959156253368178e-09,0.35835560588828513,13.892199844121933,13.865924738234442,3,True,True,native
C1_Si_pillars,ikarus[Li],3,"(3,3)",9,0.5124727311600856,0.4875272635004813,5.3394330623568464e-09,0.11499073116008562,15.827399678528309,15.631503292635687,3,True,True,native
C1_Si_pillars,ikarus[Li],5,"(5,5)",25,0.37648875434841816,0.6235112419913031,3.660278746764334e-09,0.020993245651581838,20.812400616705418,20.715474764787704,3,True,True,native
C1_Si_pillars,ikarus[Li],7,"(7,7)",49,0.3791995723446445,0.620800424007799,3.6475564790805493e-09,0.018282427655355482,38.55449985712767,38.1449742539444,3,True,True,native
C1_Si_pillars,ikarus[Li],9,"(9,9)",81,0.3950253794917768,0.6049746168491796,3.659043512627136e-09,0.002456620508223206,85.43659932911396,85.0458059773573,3,True,True,native
C1_Si_pillars,ikarus[Li],11,"(11,11)",121,0.3853066662687063,0.6146933300980572,3.6332364894420266e-09,0.012175333731293703,152.40069944411516,153.19930740966967,3,True,True,native
C1_Si_pillars,ikarus[Li],13,"(13,13)",169,0.39070518665108267,0.6092948097079918,3.640925561043673e-09,0.006776813348917332,316.34880043566227,310.2654166935788,3,True,True,native
C1_Si_pillars,ikarus[Li],15,"(15,15)",225,0.38964332003869506,0.6103566763248303,3.6364746769379508e-09,0.00783867996130494,532.0685999467969,529.937230761967,3,True,True,native
C1_Si_pillars,ikarus[Li],17,"(17,17)",289,0.3891484696781368,0.6108515266877269,3.634136214181183e-09,0.00833353032186318,1132.655800320208,1040.5390264796358,1,True,True,native
C1_Si_pillars,ikarus[Li],19,"(19,19)",361,0.39048828886358133,0.6095117074999794,3.6364392608234652e-09,0.006993711136418668,1550.6941005587578,1604.0969069575938,1,True,True,native
C1_Si_pillars,ikarus[Li],21,"(21,21)",441,0.3894467250736172,0.6105532712930274,3.633355394327964e-09,0.008035274926382785,2128.1360993161798,2112.2664642831455,1,True,True,native
C1_Si_pillars,ikarus[Li],23,"(23,23)",529,0.3901632837180895,0.6098367126474813,3.6344292020373814e-09,0.007318716281910498,3481.586500070989,3313.833200080922,1,True,True,native
C1_Si_pillars,ikarus[Li],25,"(25,25)",625,0.39006117545334357,0.6099388209128471,3.6338092535004307e-09,0.007420824546656435,4750.509299337864,4855.5056626649375,1,True,True,native
C1_Si_pillars,ikarus[Li],27,"(27,27)",729,0.3898979099033944,0.6101020864632226,3.633383038881277e-09,0.0075840900966056,6840.744299814105,6787.988453591971,1,True,True,native
C1_Si_pillars,ikarus[Li],29,"(29,29)",841,0.3902637422776504,0.6097362540889634,3.633386147505746e-09,0.007218257722349575,8864.567100070417,8770.971291124364,1,True,True,native
C1_Si_pillars,ikarus[Li],31,"(31,31)",961,0.38996069137284106,0.6100393049946896,3.6324693253320106e-09,0.00752130862715894,11862.204499542713,11946.013237313511,1,False,False,native
C1_Si_pillars,ikarus[NV],1,"(1,1)",1,0.13330113373042252,0.8666988647956182,1.4739592879564611e-09,0.2641808662695775,65.74769970029593,64.98330631206781,3,True,True,native
C1_Si_pillars,ikarus[NV],3,"(3,3)",9,0.47475438372246537,0.5265391053795125,-0.0012934891019779071,0.07727238372246537,66.5967995300889,66.75012315520162,3,True,True,native
C1_Si_pillars,ikarus[NV],5,"(5,5)",25,0.4284672127552151,0.5628547303537402,0.008678056891044617,0.030985212755215097,72.06939999014139,71.91834134532263,3,True,True,native
C1_Si_pillars,ikarus[NV],7,"(7,7)",49,0.4010676546388557,0.5988255562956545,0.00010678906548988731,0.0035856546388556843,90.13359993696213,89.24211060736587,3,True,True,native
C1_Si_pillars,ikarus[NV],9,"(9,9)",81,0.40235489457279167,0.5983275993878339,-0.0006824939606255853,0.004872894572791664,136.15630008280277,136.07737742326515,3,True,True,native
C1_Si_pillars,ikarus[NV],11,"(11,11)",121,0.40018723178997334,0.5993620811350789,0.0004506870749477754,0.002705231789973339,213.38160056620836,207.05745712078703,3,True,True,native
C1_Si_pillars,ikarus[NV],13,"(13,13)",169,0.39225200281347283,0.6074417111094642,0.0003062860770629561,0.005229997186527169,378.2828999683261,374.1910828508692,3,True,True,native
C1_Si_pillars,ikarus[NV],15,"(15,15)",225,0.3939552336466995,0.6061919619818303,-0.00014719562852982815,0.0035267663533005145,604.271899908781,586.1282326677031,3,True,True,native
C1_Si_pillars,ikarus[NV],17,"(17,17)",289,0.39346718473422976,0.606497565261124,3.525000464632555e-05,0.004014815265770244,1043.6472995206714,1159.5513159745594,1,True,True,native
C1_Si_pillars,ikarus[NV],19,"(19,19)",361,0.39038512788009655,0.6094394258303278,0.00017544628957566477,0.007096872119903452,1617.9238995537162,1740.0542278408275,1,True,True,native
C1_Si_pillars,ikarus[NV],21,"(21,21)",441,0.39225206691748615,0.6077901419704438,-4.220888792993982e-05,0.005229933082513849,2188.26839979738,2180.8974565788935,1,True,True,native
C1_Si_pillars,ikarus[NV],23,"(23,23)",529,0.3900810504899039,0.6099218507082625,-2.9011981664828213e-06,0.007400949510096122,3200.1914996653795,3160.2915350772196,1,True,True,native
C1_Si_pillars,ikarus[NV],25,"(25,25)",625,0.39067631811416836,0.6092461110078162,7.75708780154094e-05,0.006805681885831638,5127.583799883723,4929.463361449819,1,True,True,native
C1_Si_pillars,ikarus[NV],27,"(27,27)",729,0.39040929091910326,0.6095887283059306,1.9807749661593377e-06,0.007072709080896744,7176.560699939728,6948.66965152799,1,True,True,native
C1_Si_pillars,ikarus[NV],29,"(29,29)",841,0.3894905334040848,0.6105155078490963,-6.041253181043871e-06,0.007991466595915209,9627.214000560343,9652.506775358805,1,True,True,native
C1_Si_pillars,ikarus[NV],31,"(31,31)",961,0.39064786727979545,0.6093264329306769,2.5699789527600103e-05,0.006834132720204555,12236.853499896824,12211.378432493082,1,False,False,native
C1b_Si_pillars_diffract,fork[Laurent],1,"(1,1)",1,0.08210918222216944,0.9178897995029902,1.0182748403364528e-06,0.07346481777783055,5.773500539362431,5.4723977002864235,3,True,True,native
C1b_Si_pillars_diffract,fork[Laurent],3,"(3,3)",9,0.12355229265657149,0.8764467250582717,9.82285156769791e-07,0.032021707343428504,6.334499455988407,6.458829514412671,3,True,True,native
C1b_Si_pillars_diffract,fork[Laurent],5,"(5,5)",25,0.13249437580138002,0.867504459859509,1.1643391110149892e-06,0.023079624198619975,11.715199798345566,11.291111267206254,3,True,True,native
C1b_Si_pillars_diffract,fork[Laurent],7,"(7,7)",49,0.19346682323419437,0.8065318544873773,1.3222784283062339e-06,0.03789282323419438,25.568599812686443,26.442751785139905,3,True,True,native
C1b_Si_pillars_diffract,fork[Laurent],9,"(9,9)",81,0.14723769212469964,0.8527604608442554,1.84703104499917e-06,0.008336307875300347,70.32870035618544,70.91396307587938,3,True,True,native
C1b_Si_pillars_diffract,fork[Laurent],11,"(11,11)",121,0.17099540649168382,0.8290011053240072,3.488184308952924e-06,0.015421406491683831,133.82830005139112,132.55383168875673,3,True,True,native
C1b_Si_pillars_diffract,fork[Laurent],13,"(13,13)",169,0.1608654959931444,0.8391307970706189,3.706936236747005e-06,0.005291495993144407,292.43209958076477,296.886457926989,3,True,True,native
C1b_Si_pillars_diffract,fork[Laurent],15,"(15,15)",225,0.1556822436480601,0.8443140558834706,3.7004684693142664e-06,0.00010824364806011344,519.5242995396256,525.4589039929923,3,True,True,native
C1b_Si_pillars_diffract,fork[Laurent],17,"(17,17)",289,0.1521621527358306,0.8478341260603984,3.7212037710121493e-06,0.0034118472641693764,1077.7436001226306,1053.0663817398352,1,True,True,native
C1b_Si_pillars_diffract,fork[Laurent],19,"(19,19)",361,0.15129608363019076,0.848700176017993,3.7403518162726357e-06,0.0042779163698092315,1507.2320997714996,1455.0935055324335,1,True,True,native
C1b_Si_pillars_diffract,fork[Laurent],21,"(21,21)",441,0.14950544603578436,0.8504907789189508,3.7750452649421007e-06,0.006068553964215628,2261.7707001045346,2246.775038584848,1,True,True,native
C1b_Si_pillars_diffract,fork[Laurent],23,"(23,23)",529,0.14915005841350207,0.8508461680820769,3.773504421045182e-06,0.006423941586497922,3438.2421001791954,3537.893456681385,1,True,True,native
C1b_Si_pillars_diffract,fork[Laurent],25,"(25,25)",625,0.1484383723028655,0.8515578178941228,3.8098030117339476e-06,0.0071356276971344945,4563.020499423146,4635.331295327665,1,True,True,native
C1b_Si_pillars_diffract,fork[Laurent],27,"(27,27)",729,0.1479226795543063,0.8520735041517498,3.816293943970095e-06,0.007651320445693693,7217.532400041819,7206.663215815885,1,True,True,native
C1b_Si_pillars_diffract,fork[Laurent],29,"(29,29)",841,0.14776394232396017,0.8522322284389893,3.8292370505566e-06,0.007810057676039817,9268.607799895108,9230.918421112994,1,True,True,native
C1b_Si_pillars_diffract,fork[Laurent],31,"(31,31)",961,0.1472574591963705,0.8527386868038715,3.853999757996718e-06,0.00831654080362948,13798.607099801302,12850.802786703647,1,False,False,native
C1b_Si_pillars_diffract,fork[Pol],1,"(1,1)",1,0.03889061335294555,0.9611083994019057,9.872451487424883e-07,0.11668338664705444,269.90649942308664,268.52672284953366,3,True,True,native
C1b_Si_pillars_diffract,fork[Pol],3,"(3,3)",9,0.03595197131014544,0.9325224181118003,0.03152561057805425,0.11962202868985455,271.7472994700074,274.20508518596966,3,True,True,native
C1b_Si_pillars_diffract,fork[Pol],5,"(5,5)",25,0.1450883294341431,0.8848757535329795,-0.029964082967122607,0.010485670565856892,314.28489927202463,315.8498228006888,3,True,True,native
C1b_Si_pillars_diffract,fork[Pol],7,"(7,7)",49,0.14029779328340944,0.921506407015168,-0.06180420029857736,0.015276206716590551,333.3940003067255,329.20327000849363,3,True,True,native
C1b_Si_pillars_diffract,fork[Pol],9,"(9,9)",81,0.14562339284572307,0.8590147920740883,-0.004638184919811383,0.009950607154276925,361.5581002086401,364.62509217878704,3,True,True,native
C1b_Si_pillars_diffract,fork[Pol],11,"(11,11)",121,0.16154014774033626,0.8223273738716557,0.01613247838800813,0.0059661477403362695,436.595999635756,439.1448597326062,3,True,True,native
C1b_Si_pillars_diffract,fork[Pol],13,"(13,13)",169,0.15210232552879221,0.8256188456433564,0.02227882882785137,0.003471674471207775,638.1132006645203,637.5818792612644,3,True,True,native
C1b_Si_pillars_diffract,fork[Pol],15,"(15,15)",225,0.15688414746915974,0.8328719486767935,0.010243903854046721,0.0013101474691597503,863.72260004282,876.0149960240559,3,True,True,native
C1b_Si_pillars_diffract,fork[Pol],17,"(17,17)",289,0.15573329257069365,0.8478327014557496,-0.0035659940264433088,0.00015929257069366431,1388.76869995147,1383.1226730098235,1,True,True,native
C1b_Si_pillars_diffract,fork[Pol],19,"(19,19)",361,0.15724465608378987,0.85499921563318,-0.012243871716969945,0.0016706560837898843,2018.1914996355772,1975.990446419623,1,True,True,native
C1b_Si_pillars_diffract,fork[Pol],21,"(21,21)",441,0.15367418868237512,0.8512329178744376,-0.0049071065568127015,0.001899811317624872,2862.416500225663,2911.0751717849407,1,True,True,native
C1b_Si_pillars_diffract,fork[Pol],23,"(23,23)",529,0.14940867377478662,0.8460368592230232,0.004554467002190199,0.0061653262252133745,4197.703899815679,4071.2237636239165,1,True,True,native
C1b_Si_pillars_diffract,fork[Pol],25,"(25,25)",625,0.14921517073272955,0.8479395916528171,0.002845237614453322,0.006358829267270438,5584.373299963772,5546.795417260053,1,True,True,native
C1b_Si_pillars_diffract,fork[Pol],27,"(27,27)",729,0.1475758771585605,0.8526607227721725,-0.00023659993073299468,0.007998122841439498,7801.918100565672,7888.235212042393,1,True,True,native
C1b_Si_pillars_diffract,fork[Pol],29,"(29,29)",841,0.14795961091201112,0.8546195100016314,-0.002579120913642541,0.007614389087988865,10218.378199264407,10561.143635675002,1,True,True,native
C1b_Si_pillars_diffract,fork[Pol],31,"(31,31)",961,0.14730029778468878,0.8545638130280998,-0.0018641108127885886,0.008273702215311207,14044.607299380004,13838.055531921782,1,False,False,native
C1b_Si_pillars_diffract,ikarus[Laurent],1,"(1,1)",1,0.08210924249486243,0.9178907561508064,1.354331202740866e-09,0.07346475750513756,7.51859974116087,7.6105872046371665,3,True,True,native
C1b_Si_pillars_diffract,ikarus[Laurent],3,"(3,3)",9,0.1235524307205002,0.8764475671274462,2.152053535375842e-09,0.032021569279499784,9.017299860715866,9.020699478589755,3,True,True,native
C1b_Si_pillars_diffract,ikarus[Laurent],5,"(5,5)",25,0.13249457555737487,0.8675054217171635,2.725461634156545e-09,0.02307942444262512,13.404599390923977,13.496385496758597,3,True,True,native
C1b_Si_pillars_diffract,ikarus[Laurent],7,"(7,7)",49,0.19346711440444878,0.8065328820956617,3.4998896003557434e-09,0.037893114404448786,29.331299476325512,29.2417133231555,3,True,True,native
C1b_Si_pillars_diffract,ikarus[Laurent],9,"(9,9)",81,0.1472380444644551,0.8527619517542419,3.7813030484556975e-09,0.008335955535544892,77.3189002647996,77.24261292253593,3,True,True,native
C1b_Si_pillars_diffract,ikarus[Laurent],11,"(11,11)",121,0.17099639690576107,0.8290035974681018,5.626137111747198e-09,0.015422396905761082,149.7935000807047,149.06593296368362,3,True,True,native
C1b_Si_pillars_diffract,ikarus[Laurent],13,"(13,13)",169,0.1608665248114391,0.8391334694717637,5.716797146781971e-09,0.005292524811439103,305.1509000360966,304.62710027633364,3,True,True,native
C1b_Si_pillars_diffract,ikarus[Laurent],15,"(15,15)",225,0.15568322461234033,0.8443167697047987,5.682860959588254e-09,0.0001092246123403362,513.7164993211627,517.8822099305725,3,True,True,native
C1b_Si_pillars_diffract,ikarus[Laurent],17,"(17,17)",289,0.1521631103755966,0.8478368839947518,5.6296516337539515e-09,0.0034108896244033904,1070.3696999698877,1039.443370876399,1,True,True,native
C1b_Si_pillars_diffract,ikarus[Laurent],19,"(19,19)",361,0.1512970343901481,0.8487029599506535,5.659198443197511e-09,0.004276965609851885,1382.7850008383393,1394.9502378007282,1,True,True,native
C1b_Si_pillars_diffract,ikarus[Laurent],21,"(21,21)",441,0.14950639245472172,0.8504936018712277,5.674050562731736e-09,0.00606760754527827,2265.9483002498746,2308.1191361329315,1,True,True,native
C1b_Si_pillars_diffract,ikarus[Laurent],23,"(23,23)",529,0.14915099805388046,0.8508489962805872,5.6655323765753e-09,0.006423001946119528,3333.353799767792,3348.068123334535,1,True,True,native
C1b_Si_pillars_diffract,ikarus[Laurent],25,"(25,25)",625,0.14843931604337182,0.851560678246269,5.710359185506775e-09,0.007134683956628168,4703.982800245285,4799.7076577223725,1,True,True,native
C1b_Si_pillars_diffract,ikarus[Laurent],27,"(27,27)",729,0.14792361971476353,0.8520763745817135,5.703522987232645e-09,0.007650380285236458,6125.780300237238,6116.717796881142,1,True,True,native
C1b_Si_pillars_diffract,ikarus[Laurent],29,"(29,29)",841,0.147764883652653,0.8522351106199434,5.727403551425425e-09,0.007809116347346989,9469.72310077399,9464.45753668351,1,True,True,native
C1b_Si_pillars_diffract,ikarus[Laurent],31,"(31,31)",961,0.1472584035374811,0.8527415907150904,5.747428533098287e-09,0.008315596462518893,12623.811800032854,12748.898045297565,1,False,False,native
C1b_Si_pillars_diffract,ikarus[Li],1,"(1,1)",1,0.03653692189574086,0.9634630753625308,2.7417282888464456e-09,0.11903707810425912,13.408700004220009,13.865924738234442,3,True,True,native
C1b_Si_pillars_diffract,ikarus[Li],3,"(3,3)",9,0.08545077585105001,0.914549221272188,2.8767620507963443e-09,0.07012322414894998,15.710200183093548,15.631503292635687,3,True,True,native
C1b_Si_pillars_diffract,ikarus[Li],5,"(5,5)",25,0.1382041199759332,0.8617958770654635,2.9586033623019148e-09,0.01736988002406678,20.56679967790842,20.715474764787704,3,True,True,native
C1b_Si_pillars_diffract,ikarus[Li],7,"(7,7)",49,0.11928378615803642,0.8807162101093434,3.732620101892792e-09,0.03629021384196357,38.27639948576689,38.1449742539444,3,True,True,native
C1b_Si_pillars_diffract,ikarus[Li],9,"(9,9)",81,0.15339101516370995,0.8466089817195814,3.116708668926549e-09,0.002182984836290036,84.6568001434207,85.0458059773573,3,True,True,native
C1b_Si_pillars_diffract,ikarus[Li],11,"(11,11)",121,0.1493975541684809,0.8506024420682742,3.763244937893262e-09,0.0061764458315190784,152.16460078954697,153.19930740966967,3,True,True,native
C1b_Si_pillars_diffract,ikarus[Li],13,"(13,13)",169,0.15292963436324106,0.8470703605738095,5.062949504086589e-09,0.002644365636758933,310.40980014950037,310.2654166935788,3,True,True,native
C1b_Si_pillars_diffract,ikarus[Li],15,"(15,15)",225,0.15776164926869696,0.8422383448899506,5.841352401780853e-09,0.0021876492686969673,527.8143994510174,529.937230761967,3,True,True,native
C1b_Si_pillars_diffract,ikarus[Li],17,"(17,17)",289,0.15619621864578534,0.8438037749502428,6.4039717972974586e-09,0.0006222186457853496,1022.4131001159549,1040.5390264796358,1,True,True,native
C1b_Si_pillars_diffract,ikarus[Li],19,"(19,19)",361,0.15507403939129613,0.84492595416939,6.4393138599072586e-09,0.0004999606087038588,1536.5706998854876,1604.0969069575938,1,True,True,native
C1b_Si_pillars_diffract,ikarus[Li],21,"(21,21)",441,0.15218103277166126,0.8478189608302381,6.398100604876333e-09,0.0033929672283387335,2108.5157999768853,2112.2664642831455,1,True,True,native
C1b_Si_pillars_diffract,ikarus[Li],23,"(23,23)",529,0.1498762768065556,0.850123716880075,6.3133693828376636e-09,0.005697723193444387,3240.9159000962973,3313.833200080922,1,True,True,native
C1b_Si_pillars_diffract,ikarus[Li],25,"(25,25)",625,0.14963921200227204,0.850360781688862,6.3088659851828766e-09,0.005934787997727953,4959.874000400305,4855.5056626649375,1,True,True,native
C1b_Si_pillars_diffract,ikarus[Li],27,"(27,27)",729,0.14772247065187427,0.8522775231448387,6.2032869951877956e-09,0.007851529348125719,6780.956000089645,6787.988453591971,1,True,True,native
C1b_Si_pillars_diffract,ikarus[Li],29,"(29,29)",841,0.14772696654791698,0.8522730272394614,6.2126216393565414e-09,0.007847033452083013,8736.172199249268,8770.971291124364,1,True,True,native
C1b_Si_pillars_diffract,ikarus[Li],31,"(31,31)",961,0.14699802371248405,0.8530019701289508,6.1585651023321475e-09,0.00857597628751594,11646.489200182259,11946.013237313511,1,False,False,native
C1b_Si_pillars_diffract,ikarus[NV],1,"(1,1)",1,0.03690501250853567,0.9630949856309036,1.8605607055022233e-09,0.11866898749146432,64.22779988497496,64.98330631206781,3,True,True,native
C1b_Si_pillars_diffract,ikarus[NV],3,"(3,3)",9,0.03645466140035412,0.9663729013854296,-0.002827562785783777,0.11911933859964588,66.47549942135811,66.75012315520162,3,True,True,native
C1b_Si_pillars_diffract,ikarus[NV],5,"(5,5)",25,0.14345869950855117,0.8735961755884928,-0.017054875097043953,0.012115300491448822,71.7675993219018,71.91834134532263,3,True,True,native
C1b_Si_pillars_diffract,ikarus[NV],7,"(7,7)",49,0.15148194270600196,0.8445676983856589,0.003950358908339169,0.00409205729399803,88.46770040690899,89.24211060736587,3,True,True,native
C1b_Si_pillars_diffract,ikarus[NV],9,"(9,9)",81,0.14674517030972214,0.8452261425793292,0.008028687110948729,0.008828829690277845,135.99850051105022,136.07737742326515,3,True,True,native
C1b_Si_pillars_diffract,ikarus[NV],11,"(11,11)",121,0.15493983074388926,0.8404233740089183,0.0046367952471924045,0.0006341692561107337,207.4062004685402,207.05745712078703,3,True,True,native
C1b_Si_pillars_diffract,ikarus[NV],13,"(13,13)",169,0.1461968633014029,0.8400995715303686,0.01370356516822846,0.009377136698597077,375.292900018394,374.1910828508692,3,True,True,native
C1b_Si_pillars_diffract,ikarus[NV],15,"(15,15)",225,0.14801259493452792,0.8289911221340165,0.022996282931455614,0.0075614050654720655,584.9106004461646,586.1282326677031,3,True,True,native
C1b_Si_pillars_diffract,ikarus[NV],17,"(17,17)",289,0.15507131638348776,0.8467558464039032,-0.0018271627873910345,0.0005026836165122339,1187.2143000364304,1159.5513159745594,1,True,True,native
C1b_Si_pillars_diffract,ikarus[NV],19,"(19,19)",361,0.15826789801728097,0.8549336949900783,-0.013201593007359236,0.0026938980172809823,1792.6724003627896,1740.0542278408275,1,True,True,native
C1b_Si_pillars_diffract,ikarus[NV],21,"(21,21)",441,0.15353970370814946,0.8492726921929523,-0.0028123959011017163,0.0020342962918505347,2186.698100529611,2180.8974565788935,1,True,True,native
C1b_Si_pillars_diffract,ikarus[NV],23,"(23,23)",529,0.14900699340104923,0.845725873599787,0.005267132999163815,0.006567006598950764,3149.0500001236796,3160.2915350772196,1,True,True,native
C1b_Si_pillars_diffract,ikarus[NV],25,"(25,25)",625,0.1488451766326928,0.8466931765457957,0.004461646821511511,0.0067288233673071796,4821.439200080931,4929.463361449819,1,True,True,native
C1b_Si_pillars_diffract,ikarus[NV],27,"(27,27)",729,0.14798827933124753,0.8529827578541052,-0.0009710371853526301,0.00758572066875246,6997.739999555051,6948.66965152799,1,True,True,native
C1b_Si_pillars_diffract,ikarus[NV],29,"(29,29)",841,0.14817117543229333,0.8554021478803261,-0.003573323312619392,0.007402824567706662,9740.415399894118,9652.506775358805,1,True,True,native
C1b_Si_pillars_diffract,ikarus[NV],31,"(31,31)",961,0.14708068535090363,0.8537242398926678,-0.0008049252435714527,0.008493314649096362,12072.067099623382,12211.378432493082,1,False,False,native
C2_Au_holes,fork[Laurent],1,"(1,1)",1,0.9726939812688171,1.415175879834678e-07,0.027305877213594894,0.3243509812688171,5.51959965378046,5.4723977002864235,3,True,True,native
C2_Au_holes,fork[Laurent],3,"(3,3)",9,0.9602429965395134,0.001855581547777979,0.03790142191270863,0.3118999965395134,6.306899711489677,6.458829514412671,3,True,True,native
C2_Au_holes,fork[Laurent],5,"(5,5)",25,0.9085190408588744,0.0273957967674906,0.06408516237363504,0.26017604085887436,11.40700001269579,11.291111267206254,3,True,True,native
C2_Au_holes,fork[Laurent],7,"(7,7)",49,0.5557702819907822,0.028724626859999353,0.4155050911492185,0.09257271800921785,26.078199967741966,26.442751785139905,3,True,True,native
C2_Au_holes,fork[Laurent],9,"(9,9)",81,0.6566400180599022,0.21892789148894182,0.12443209045115594,0.00829701805990224,71.29850052297115,70.91396307587938,3,True,True,native
C2_Au_holes,fork[Laurent],11,"(11,11)",121,0.628586478763898,0.12347738396238565,0.24793613727371638,0.019756521236102054,131.2915002927184,132.55383168875673,3,True,True,native
C2_Au_holes,fork[Laurent],13,"(13,13)",169,0.7010848761507529,0.18320072336831625,0.11571440048093087,0.052741876150752875,303.6079006269574,296.886457926989,3,True,True,native
C2_Au_holes,fork[Laurent],15,"(15,15)",225,0.6130578726740645,0.18305961488570155,0.20388251244023392,0.03528512732593547,515.3221003711224,525.4589039929923,3,True,True,native
C2_Au_holes,fork[Laurent],17,"(17,17)",289,0.801995612220453,0.08961774083801177,0.10838664694153521,0.153652612220453,1006.4061004668474,1053.0663817398352,1,True,True,native
C2_Au_holes,fork[Laurent],19,"(19,19)",361,0.6541480101570456,0.160206990695959,0.1856449991469954,0.005805010157045598,1444.479700177908,1455.0935055324335,1,True,True,native
C2_Au_holes,fork[Laurent],21,"(21,21)",441,0.8218089161012853,0.019203408559772706,0.15898767533894204,0.17346591610128526,2192.6684994250536,2246.775038584848,1,True,True,native
C2_Au_holes,fork[Laurent],23,"(23,23)",529,0.6891121245757064,0.12763497786664874,0.1832528975576449,0.04076912457570636,3622.842200100422,3537.893456681385,1,True,True,native
C2_Au_holes,fork[Laurent],25,"(25,25)",625,0.5372934699206047,0.10847917546173186,0.35422735461766347,0.11104953007939533,4645.714999176562,4635.331295327665,1,True,True,native
C2_Au_holes,fork[Laurent],27,"(27,27)",729,0.7814639169326739,0.06757008900487811,0.15096599406244798,0.13312091693267392,7195.810399949551,7206.663215815885,1,True,True,native
C2_Au_holes,fork[Laurent],29,"(29,29)",841,0.5570644072316503,0.17204820511568855,0.2708873876526612,0.09127859276834971,9193.382300436497,9230.918421112994,1,True,True,native
C2_Au_holes,fork[Laurent],31,"(31,31)",961,0.8087722708557535,0.036903786500560254,0.1543239426436862,0.16042927085575354,12429.35450002551,12850.802786703647,1,False,False,native
C2_Au_holes,fork[Pol],1,"(1,1)",1,0.9580911718610868,2.4002521414529756e-05,0.041884825617498636,0.30974817186108683,267.15399976819754,268.52672284953366,3,True,True,native
C2_Au_holes,fork[Pol],3,"(3,3)",9,0.8786542210785543,0.028690634477107672,0.09265514444433803,0.23031122107855428,281.8364994600415,274.20508518596966,3,True,True,native
C2_Au_holes,fork[Pol],5,"(5,5)",25,0.21959870842288012,3.2014143359971237,-2.421013044420004,0.4287442915771199,316.57329946756363,315.8498228006888,3,True,True,native
C2_Au_holes,fork[Pol],7,"(7,7)",49,0.569211325994023,0.34701016159786713,0.08377851240810985,0.07913167400597698,331.17679972201586,329.20327000849363,3,True,True,native
C2_Au_holes,fork[Pol],9,"(9,9)",81,0.9131317808978756,0.20632191980502357,-0.11945370070289918,0.2647887808978756,367.7181005477905,364.62509217878704,3,True,True,native
C2_Au_holes,fork[Pol],11,"(11,11)",121,0.7386969214679391,0.17118998949686867,0.09011308903519225,0.09035392146793908,414.52050022780895,439.1448597326062,3,True,True,native
C2_Au_holes,fork[Pol],13,"(13,13)",169,0.5950673278036853,0.30974074829385234,0.09519192390246234,0.05327567219631468,637.0510002598166,637.5818792612644,3,True,True,native
C2_Au_holes,fork[Pol],15,"(15,15)",225,0.6872388012897332,0.21301139251888557,0.09974980619138119,0.038895801289733245,870.9626998752356,876.0149960240559,3,True,True,native
C2_Au_holes,fork[Pol],17,"(17,17)",289,0.7028818936366708,0.1997420823794703,0.09737602398385894,0.05453889363667075,1377.4995999410748,1383.1226730098235,1,True,True,native
C2_Au_holes,fork[Pol],19,"(19,19)",361,0.7172770013843879,0.17596489020604003,0.10675810840957209,0.06893400138438788,1888.6013999581337,1975.990446419623,1,True,True,native
C2_Au_holes,fork[Pol],21,"(21,21)",441,0.6725177857545077,0.20049090877421857,0.1269913054712737,0.02417478575450771,2961.2993001937866,2911.0751717849407,1,True,True,native
C2_Au_holes,fork[Pol],23,"(23,23)",529,0.6782054606556408,0.19973445158348782,0.12206008776087138,0.0298624606556408,4046.2434999644756,4071.2237636239165,1,True,True,native
C2_Au_holes,fork[Pol],25,"(25,25)",625,0.6939691361206508,0.2231042900732625,0.0829265738060867,0.045626136120650806,5509.47040040046,5546.795417260053,1,True,True,native
C2_Au_holes,fork[Pol],27,"(27,27)",729,0.6741420046038457,0.23635752681899475,0.0895004685771596,0.025799004603845654,7975.507299415767,7888.235212042393,1,True,True,native
C2_Au_holes,fork[Pol],29,"(29,29)",841,0.6708619871156425,0.23918364875948941,0.0899543641248681,0.022518987115642486,11947.084600105882,10561.143635675002,1,True,True,native
C2_Au_holes,fork[Pol],31,"(31,31)",961,0.6901026042836697,0.22482000273228112,0.08507739298404923,0.04175960428366965,13692.582399584353,13838.055531921782,1,False,False,native
C2_Au_holes,ikarus[Laurent],1,"(1,1)",1,0.9726945921100179,1.4151768150954492e-07,0.027305266372300636,0.32435159211001785,7.250200025737286,7.6105872046371665,3,True,True,native
C2_Au_holes,ikarus[Laurent],3,"(3,3)",9,0.9602436030344079,0.001855579190346636,0.03790081777524544,0.3119006030344079,9.096699766814709,9.020699478589755,3,True,True,native
C2_Au_holes,ikarus[Laurent],5,"(5,5)",25,0.9085197208353374,0.027395707112744815,0.0640845720519178,0.2601767208353374,13.064599595963955,13.496385496758597,3,True,True,native
C2_Au_holes,ikarus[Laurent],7,"(7,7)",49,0.5557706243163842,0.028724625949537282,0.41550474973407847,0.09257237568361576,28.177600353956223,29.2417133231555,3,True,True,native
C2_Au_holes,ikarus[Laurent],9,"(9,9)",81,0.6566401422609995,0.21892815481383163,0.12443170292516884,0.008297142260999535,71.83689996600151,77.24261292253593,3,True,True,native
C2_Au_holes,ikarus[Laurent],11,"(11,11)",121,0.6285867418484127,0.12347746067482952,0.2479357974767578,0.019756258151587325,145.61080001294613,149.06593296368362,3,True,True,native
C2_Au_holes,ikarus[Laurent],13,"(13,13)",169,0.701085147659589,0.1832009118409623,0.11571394049944875,0.052742147659588956,299.91389997303486,304.62710027633364,3,True,True,native
C2_Au_holes,ikarus[Laurent],15,"(15,15)",225,0.6130580710422344,0.18305978130360717,0.2038821476541584,0.03528492895776558,506.8324999883771,517.8822099305725,3,True,True,native
C2_Au_holes,ikarus[Laurent],17,"(17,17)",289,0.8019960909239336,0.08961778287403584,0.10838612620203052,0.15365309092393364,983.377699740231,1039.443370876399,3,True,True,native
C2_Au_holes,ikarus[Laurent],19,"(19,19)",361,0.6541483261114063,0.16020711077695549,0.18564456311163824,0.005805326111406273,1373.0798000469804,1394.9502378007282,1,True,True,native
C2_Au_holes,ikarus[Laurent],21,"(21,21)",441,0.8218094118916907,0.019203410434003226,0.15898717767430612,0.17346641189169065,2351.0747998952866,2308.1191361329315,1,True,True,native
C2_Au_holes,ikarus[Laurent],23,"(23,23)",529,0.6891125192533094,0.12763504281486196,0.18325243793182863,0.040769519253309405,3362.8473998978734,3348.068123334535,1,True,True,native
C2_Au_holes,ikarus[Laurent],25,"(25,25)",625,0.5372936966624847,0.10847923234967986,0.3542270709878354,0.11104930333751528,4832.147900015116,4799.7076577223725,1,True,True,native
C2_Au_holes,ikarus[Laurent],27,"(27,27)",729,0.7814643996771006,0.06757009959430647,0.15096550072859294,0.13312139967710057,6107.668700627983,6116.717796881142,1,True,True,native
C2_Au_holes,ikarus[Laurent],29,"(29,29)",841,0.5570645925999831,0.17204832526043504,0.2708870821395819,0.09127840740001691,9459.194900467992,9464.45753668351,1,True,True,native
C2_Au_holes,ikarus[Laurent],31,"(31,31)",961,0.8087727617279152,0.036903751616470463,0.1543234866556143,0.16042976172791523,12649.376300163567,12748.898045297565,1,False,False,native
C2_Au_holes,ikarus[Li],1,"(1,1)",1,0.9653786515192835,4.157385914482156e-06,0.03461719109480203,0.3170356515192835,13.83969932794571,13.865924738234442,3,True,True,native
C2_Au_holes,ikarus[Li],3,"(3,3)",9,0.8740869074672943,0.039029519096972255,0.08688357343573341,0.22574390746729434,15.458100475370884,15.631503292635687,3,True,True,native
C2_Au_holes,ikarus[Li],5,"(5,5)",25,0.7168273726976968,0.15689471151136078,0.1262779157909424,0.0684843726976968,20.619000308215618,20.715474764787704,3,True,True,native
C2_Au_holes,ikarus[Li],7,"(7,7)",49,0.7148549218039237,0.16492606379008368,0.12021901440599259,0.06651192180392373,35.39399988949299,38.1449742539444,3,True,True,native
C2_Au_holes,ikarus[Li],9,"(9,9)",81,0.6103747613578826,0.2534924909876797,0.13613274765443772,0.0379682386421174,85.44670045375824,85.0458059773573,3,True,True,native
C2_Au_holes,ikarus[Li],11,"(11,11)",121,0.6952310457537502,0.1862187386949311,0.11855021555131873,0.04688804575375016,154.0021002292633,153.19930740966967,3,True,True,native
C2_Au_holes,ikarus[Li],13,"(13,13)",169,0.7429550723309981,0.09246865398262803,0.16457627368637384,0.09461207233099811,306.5719995647669,310.2654166935788,3,True,True,native
C2_Au_holes,ikarus[Li],15,"(15,15)",225,0.6764436339428629,0.22161320183505065,0.10194316422208646,0.028100633942862885,515.2677996084094,529.937230761967,3,True,True,native
C2_Au_holes,ikarus[Li],17,"(17,17)",289,0.6867237510640338,0.2130275119287485,0.10024873700721768,0.038380751064033825,1058.9862996712327,1040.5390264796358,1,True,True,native
C2_Au_holes,ikarus[Li],19,"(19,19)",361,0.6696696666572214,0.22708246680139782,0.1032478665413808,0.021326666657221383,1659.3387993052602,1604.0969069575938,1,True,True,native
C2_Au_holes,ikarus[Li],21,"(21,21)",441,0.6712805682060583,0.2206909114586561,0.1080285203352856,0.0229375682060583,2030.6404996663332,2112.2664642831455,1,True,True,native
C2_Au_holes,ikarus[Li],23,"(23,23)",529,0.6756007930256696,0.2193651573151316,0.10503404965919885,0.027257793025669552,3246.4310005307198,3313.833200080922,1,True,True,native
C2_Au_holes,ikarus[Li],25,"(25,25)",625,0.6593491550478068,0.24197113490906408,0.09867971004312914,0.011006155047806776,4753.3334996551275,4855.5056626649375,1,True,True,native
C2_Au_holes,ikarus[Li],27,"(27,27)",729,0.6731829817850459,0.22684885742816177,0.09996816078679235,0.024839981785045873,6795.028200373054,6787.988453591971,1,True,True,native
C2_Au_holes,ikarus[Li],29,"(29,29)",841,0.6496637306019959,0.23919791754064543,0.11113835185735868,0.0013207306019958898,8805.908999405801,8770.971291124364,1,True,True,native
C2_Au_holes,ikarus[Li],31,"(31,31)",961,0.6723345766588925,0.22649450516271183,0.10117091817839566,0.02399157665889251,12030.414099805057,11946.013237313511,1,False,False,native
C2_Au_holes,ikarus[NV],1,"(1,1)",1,0.9549253148037306,4.7056191998013975e-05,0.04502762900427144,0.30658231480373055,63.85749951004982,64.98330631206781,3,True,True,native
C2_Au_holes,ikarus[NV],3,"(3,3)",9,0.8662266384579572,0.037794842618060646,0.09597851892398213,0.21788363845795722,66.90379977226257,66.75012315520162,3,True,True,native
C2_Au_holes,ikarus[NV],5,"(5,5)",25,0.3476900424674292,2.589322296229293,-1.9370123386967224,0.3006529575325708,73.60469922423363,71.91834134532263,3,True,True,native
C2_Au_holes,ikarus[NV],7,"(7,7)",49,0.5599245794584904,0.3264814282127979,0.1135939923287117,0.08841842054150961,87.33309991657734,89.24211060736587,3,True,True,native
C2_Au_holes,ikarus[NV],9,"(9,9)",81,0.811932438728166,0.14145392834256174,0.04661363292927226,0.163589438728166,132.44989980012178,136.07737742326515,3,True,True,native
C2_Au_holes,ikarus[NV],11,"(11,11)",121,0.6992337755526862,0.18987142854517552,0.1108947959021383,0.050890775552686174,203.7938004359603,207.05745712078703,3,True,True,native
C2_Au_holes,ikarus[NV],13,"(13,13)",169,0.5372103322049614,0.3399753746731508,0.1228142931218878,0.11113266779503861,357.10230004042387,374.1910828508692,3,True,True,native
C2_Au_holes,ikarus[NV],15,"(15,15)",225,0.671046516597102,0.21579366980694123,0.11315981359595675,0.022703516597102014,565.1604002341628,586.1282326677031,3,True,True,native
C2_Au_holes,ikarus[NV],17,"(17,17)",289,0.6787422389106305,0.21486128947873784,0.1063964716106317,0.030399238910630455,1132.532900199294,1159.5513159745594,1,True,True,native
C2_Au_holes,ikarus[NV],19,"(19,19)",361,0.7084391030226687,0.18522774576672998,0.10633315121060136,0.06009610302266866,1713.785500265658,1740.0542278408275,1,True,True,native
C2_Au_holes,ikarus[NV],21,"(21,21)",441,0.6655905860787541,0.2205655050431782,0.1138439088780677,0.017247586078754096,2140.267699956894,2180.8974565788935,1,True,True,native
C2_Au_holes,ikarus[NV],23,"(23,23)",529,0.6754638834413371,0.21096770439527887,0.11356841216338401,0.027120883441337118,3135.9756998717785,3160.2915350772196,1,True,True,native
C2_Au_holes,ikarus[NV],25,"(25,25)",625,0.686590305920231,0.24254162177352592,0.07086807230624312,0.038247305920230956,5039.9078000336885,4929.463361449819,1,True,True,native
C2_Au_holes,ikarus[NV],27,"(27,27)",729,0.645347741076264,0.24598854913772836,0.10866370978600762,0.0029952589237359772,6865.831200033426,6948.66965152799,1,True,True,native
C2_Au_holes,ikarus[NV],29,"(29,29)",841,0.6731613029990585,0.2052939021197421,0.12154479488119938,0.024818302999058517,9562.517100013793,9652.506775358805,1,True,True,native
C2_Au_holes,ikarus[NV],31,"(31,31)",961,0.6799512648694771,0.2295416950142103,0.09050704011631261,0.0316082648694771,12185.9563998878,12211.378432493082,1,False,False,native
D1_ikarus_hcg_TM,fork[Laurent],1,1,1,0.3030323741755252,0.6969662819811525,1.3438433222878743e-06,0.2028578859020958,1.1852001771330833,1.1230995878577232,3,True,True,native
D1_ikarus_hcg_TM,fork[Laurent],3,3,3,0.34270080273867143,0.6572969392360435,2.258025285084564e-06,0.24252631446524203,1.3603996485471725,1.383400522172451,3,True,True,native
D1_ikarus_hcg_TM,fork[Laurent],5,5,5,0.5324452771406075,0.4675527096888343,2.0131705582016046e-06,0.4322707888671781,1.5622004866600037,1.569199375808239,3,True,True,native
D1_ikarus_hcg_TM,fork[Laurent],7,7,7,0.4608657263053697,0.5391322756064625,1.998088167809442e-06,0.3606912380319403,1.6951998695731163,1.6962997615337372,3,True,True,native
D1_ikarus_hcg_TM,fork[Laurent],9,9,9,0.31500587252991574,0.684992254381183,1.8730889012052998e-06,0.21483138425648635,2.0190998911857605,2.0190998911857605,3,True,True,native
D1_ikarus_hcg_TM,fork[Laurent],11,11,11,0.2962567614088862,0.7037413775272006,1.8610639131999562e-06,0.19608227313545679,2.1855998784303665,2.201199531555176,3,True,True,native
D1_ikarus_hcg_TM,fork[Laurent],13,13,13,0.23538824077115458,0.764609967917668,1.7913111773903978e-06,0.1352137524977252,2.366599626839161,2.4069994688034058,3,True,True,native
D1_ikarus_hcg_TM,fork[Laurent],15,15,15,0.22954264296030472,0.770455570299214,1.786740481346527e-06,0.12936815468687532,2.642500214278698,2.642500214278698,3,True,True,native
D1_ikarus_hcg_TM,fork[Laurent],17,17,17,0.19814598835931913,0.8018522656731273,1.7459675536457553e-06,0.09797150008588973,4.1825007647275925,4.1825007647275925,3,True,True,native
D1_ikarus_hcg_TM,fork[Laurent],19,19,19,0.19547915727351658,0.804519099194611,1.7435318724334792e-06,0.09530466900008719,4.620700143277645,4.714000038802624,3,True,True,native
D1_ikarus_hcg_TM,fork[Laurent],21,21,21,0.17684776845236047,0.823150514002375,1.7175452644568878e-06,0.07667328017893107,5.20430039614439,5.244099535048008,3,True,True,native
D1_ikarus_hcg_TM,fork[Laurent],23,23,23,0.17522776252766298,0.8247705216541746,1.7158181623289082e-06,0.07505327425423358,6.689799949526787,6.495135192411687,3,True,True,native
D1_ikarus_hcg_TM,fork[Laurent],25,25,25,0.16310951794826178,0.8368887839398719,1.6981118663439432e-06,0.06293502967483239,6.0593001544475555,6.495135192411687,3,True,True,native
D1_ikarus_hcg_TM,fork[Laurent],27,27,27,0.16192584955637193,0.8380724537684574,1.6966751706926075e-06,0.061751361282942535,8.593899197876453,8.3849283538469,3,True,True,native
D1_ikarus_hcg_TM,fork[Laurent],29,29,29,0.15352560490413325,0.8464727111022914,1.6839935753631963e-06,0.053351116630703854,7.922500371932983,8.3849283538469,3,True,True,native
D1_ikarus_hcg_TM,fork[Laurent],31,31,31,0.15256434072074773,0.8474339765699275,1.6827093247684388e-06,0.052389852447318336,8.966299705207348,8.792299777269362,3,False,False,native
D1_ikarus_hcg_TM,fork[Laurent],49,49,49,0.1304074220404381,0.8695909301460194,1.6478135425046503e-06,0.030232933767008696,18.6574999243021,19.410999491810795,3,True,True,native
D1_ikarus_hcg_TM,fork[Laurent],81,81,81,0.11799335299446194,0.8820050200192023,1.6269863357676329e-06,0.017818864721032543,55.46849966049194,55.79689983278514,3,True,True,native
D1_ikarus_hcg_TM,fork[Laurent],121,121,121,0.11193586374642364,0.8880625198309913,1.6164225851156289e-06,0.011761375472994245,113.2654994726181,116.76299944519992,3,True,True,native
D1_ikarus_hcg_TM,fork[Laurent],169,169,169,0.10852222342568763,0.8914761662259348,1.6103483775342653e-06,0.008347735152258229,269.6503000333905,269.1609002649784,3,True,True,native
D1_ikarus_hcg_TM,fork[Laurent],225,225,225,0.10640745704625527,0.8935909364160083,1.6065377363982947e-06,0.006232968772825878,480.80419935286045,477.1340992301702,3,True,True,native
D1_ikarus_hcg_TM,fork[Laurent],289,289,289,0.10500595769202158,0.8949924383329148,1.6039750636576144e-06,0.00483146941859218,974.1645995527506,908.7805999442936,3,True,True,native
D1_ikarus_hcg_TM,fork[Laurent],361,361,361,0.104028894742657,0.8959695030376048,1.6022197382170589e-06,0.003854406469227606,1338.923200033605,1338.1883995607493,1,True,True,native
D1_ikarus_hcg_TM,fork[Laurent],441,441,441,0.10332025430113168,0.8966781449750197,1.6007238485826747e-06,0.003145766027702279,2047.2925994545221,2033.097700215876,1,True,True,native
D1_ikarus_hcg_TM,fork[Laurent],529,529,529,0.10278969133020942,0.8972087087767138,1.5998930767979758e-06,0.0026152030567800216,3180.631499737501,3258.7182000279436,1,True,True,native
D1_ikarus_hcg_TM,fork[Laurent],625,625,625,0.10238192344136957,0.8976164774721493,1.5990864811188388e-06,0.0022074351679401694,4311.434299685061,4288.054499775172,1,True,True,native
D1_ikarus_hcg_TM,fork[Laurent],729,729,729,0.10206157343789653,0.8979368280683415,1.59849376191179e-06,0.001887085164467131,6833.82079936564,6783.473100513219,1,True,True,native
D1_ikarus_hcg_TM,fork[Laurent],841,841,841,0.10180514149894687,0.8981932610889557,1.597412097376072e-06,0.0016306532255174755,16537.24760003388,9816.863799467686,1,True,True,native
D1_ikarus_hcg_TM,fork[Laurent],961,961,961,0.10159651514553703,0.8984018874599273,1.5973945356462238e-06,0.001422026872107629,12025.868800468743,11482.0499997586,1,False,False,native
D1_ikarus_hcg_TM,fork[Pol],1,1,1,0.25027952081157845,0.7497190966582945,1.3825301270475876e-06,0.15010503253814905,34.22600030899048,25.975731493061925,3,True,True,native
D1_ikarus_hcg_TM,fork[Pol],3,3,3,0.325404362746445,0.6745934256101854,2.2116433695540394e-06,0.22522987447301562,23.30560050904751,25.975731493061925,3,True,True,native
D1_ikarus_hcg_TM,fork[Pol],5,5,5,0.4865095097435993,0.5134884979371357,1.9923192650095345e-06,0.3863350214701699,24.037299677729607,25.975731493061925,3,True,True,native
D1_ikarus_hcg_TM,fork[Pol],7,7,7,0.4226103370369858,0.5773876944481091,1.968514905081875e-06,0.3224358487635564,23.728400468826294,25.975731493061925,3,True,True,native
D1_ikarus_hcg_TM,fork[Pol],9,9,9,0.28130638324921836,0.7186917743307524,1.8424200292077586e-06,0.18113189497578897,24.248200468719006,25.975731493061925,3,True,True,native
D1_ikarus_hcg_TM,fork[Pol],11,11,11,0.26546972792235785,0.7345284427827163,1.8292949257592284e-06,0.16529523964892845,24.38769955188036,25.975731493061925,3,True,True,native
D1_ikarus_hcg_TM,fork[Pol],13,13,13,0.20728010757836907,0.7927181333277441,1.75909388688833e-06,0.10710561930493967,25.482899509370327,25.975731493061925,3,True,True,native
D1_ikarus_hcg_TM,fork[Pol],15,15,15,0.20289988708107234,0.7970983582400388,1.7546788888544995e-06,0.10272539880764295,26.325399987399578,25.975731493061925,3,True,True,native
D1_ikarus_hcg_TM,fork[Pol],17,17,17,0.17269398183279083,0.8273043050505221,1.7131166870631986e-06,0.07251949355936144,40.29430076479912,36.99061874938549,3,True,True,native
D1_ikarus_hcg_TM,fork[Pol],19,19,19,0.1710185848658354,0.828979703970902,1.7111632625299578e-06,0.07084409659240601,33.56799948960543,36.99061874938549,3,True,True,native
D1_ikarus_hcg_TM,fork[Pol],21,21,21,0.1527787546579686,0.8472195612703567,1.6840716746679973e-06,0.05260426638453922,32.43210073560476,37.07340080291032,3,True,True,native
D1_ikarus_hcg_TM,fork[Pol],23,23,23,0.15195483350936048,0.8480434835341583,1.6829564812859132e-06,0.051780345235931086,39.454299956560135,39.28277750555894,3,True,True,native
D1_ikarus_hcg_TM,fork[Pol],25,25,25,0.13978297340454532,0.8602153626652247,1.6639302300447412e-06,0.03960848513111592,39.11200072616339,39.28277750555894,3,True,True,native
D1_ikarus_hcg_TM,fork[Pol],27,27,27,0.13929419340338922,0.8607041434315468,1.6631650640031026e-06,0.039119705129959825,36.04459948837757,40.88279977440835,3,True,True,native
D1_ikarus_hcg_TM,fork[Pol],29,29,29,0.13058385735905131,0.8694144936074332,1.6490335155161517e-06,0.030409369085621918,32.65269938856363,47.36864032769833,3,True,True,native
D1_ikarus_hcg_TM,fork[Pol],31,31,31,0.13025206094624273,0.8697462906097082,1.6484440490405206e-06,0.03007757267281333,43.26540045440197,47.36864032769833,3,False,False,native
D1_ikarus_hcg_TM,fork[Pol],49,49,49,0.10756139042201714,0.8924370005789432,1.6089990396706e-06,0.00738690214858774,53.8654001429677,53.86540014296771,3,True,True,native
D1_ikarus_hcg_TM,fork[Pol],81,81,81,0.09627317878442126,0.9037252336570791,1.5875584995495018e-06,0.0039013094890081312,78.00310011953115,91.40070062130688,3,True,True,native
D1_ikarus_hcg_TM,fork[Pol],121,121,121,0.09562251681249538,0.9043758969630336,1.5862244711062345e-06,0.004551971460934015,156.02440014481544,164.40960019826886,3,True,True,native
D1_ikarus_hcg_TM,fork[Pol],169,169,169,0.09919481167571036,0.9008035951491821,1.5931751076170286e-06,0.0009796765977190397,308.45449957996607,323.3860004693269,3,True,True,native
D1_ikarus_hcg_TM,fork[Pol],225,225,225,0.1017089388944003,0.8982894630887164,1.5980168832641084e-06,0.0015344506209709063,551.9420998170972,559.1336004436018,3,True,True,native
D1_ikarus_hcg_TM,fork[Pol],289,289,289,0.10068645200790333,0.8993119519280002,1.5960640964429729e-06,0.0005119637344739303,1077.2567000240088,1005.8741001412272,1,True,True,native
D1_ikarus_hcg_TM,fork[Pol],361,361,361,0.09949794511167603,0.9005004611018953,1.5937864287218773e-06,0.0006765431617533624,1587.9370998591185,1587.937099859118,1,True,True,native
D1_ikarus_hcg_TM,fork[Pol],441,441,441,0.10030077078077936,0.8996976338933748,1.5953258458711872e-06,0.00012628250734995905,2449.882000684738,2336.409400217235,1,True,True,native
D1_ikarus_hcg_TM,fork[Pol],529,529,529,0.10036986537146161,0.8996285391673725,1.5954611658486328e-06,0.0001953770980322178,3421.8613002449274,3400.782399810852,1,True,True,native
D1_ikarus_hcg_TM,fork[Pol],625,625,625,0.09997540829511344,0.9000229970067929,1.5946980936876187e-06,0.0001990799783159608,4909.868500195444,4909.868500195443,1,True,True,native
D1_ikarus_hcg_TM,fork[Pol],729,729,729,0.10031158563687242,0.89968681902138,1.595341747595569e-06,0.00013709736344302836,6983.4412997588515,6929.2636997997715,1,True,True,native
D1_ikarus_hcg_TM,fork[Pol],841,841,841,0.10009614117729228,0.8999022638953119,1.5949273958204557e-06,7.834709613711854e-05,9299.043499864638,13566.083239533378,1,True,True,native
D1_ikarus_hcg_TM,fork[Pol],961,961,961,0.10022571684801339,0.8997726879823025,1.5951696841209895e-06,5.122857458399188e-05,12534.58120021969,13566.083239533378,1,False,False,native
D1_ikarus_hcg_TM,ikarus[Laurent],1,1,1,0.30303278117103577,0.696967218060072,7.688921721538122e-10,0.20285829289760637,2.45520006865263,2.46219988912344,3,True,True,native
D1_ikarus_hcg_TM,ikarus[Laurent],3,3,3,0.34270154436853023,0.6572984508129969,4.818472953971309e-09,0.24252705609510083,2.8777001425623894,2.949199639260769,3,True,True,native
D1_ikarus_hcg_TM,ikarus[Laurent],5,5,5,0.532446350677966,0.46755364476648453,4.5555494931903695e-09,0.4322718624045366,5.177699960768223,3.250500187277794,3,True,True,native
D1_ikarus_hcg_TM,ikarus[Laurent],7,7,7,0.4608666373171106,0.5391333581775432,4.505346207217542e-09,0.3606921490436812,4.374999552965164,3.554600290954113,3,True,True,native
D1_ikarus_hcg_TM,ikarus[Laurent],9,9,9,0.31500642906045506,0.6849935663663667,4.5731782805091825e-09,0.21483194078702567,3.9357999339699745,3.9859004318714146,3,True,True,native
D1_ikarus_hcg_TM,ikarus[Laurent],11,11,11,0.29625727732130924,0.7037427181301819,4.548508902857407e-09,0.19608278904787985,4.195099696516991,4.190700128674507,3,True,True,native
D1_ikarus_hcg_TM,ikarus[Laurent],13,13,13,0.23538861933510702,0.7646113761756409,4.4892520811856684e-09,0.13521413106167762,4.610300064086914,4.476699978113174,3,True,True,native
D1_ikarus_hcg_TM,ikarus[Laurent],15,15,15,0.22954300971037098,0.7704569858029157,4.486713334195258e-09,0.12936852143694158,4.819899797439575,4.8065995797514915,3,True,True,native
D1_ikarus_hcg_TM,ikarus[Laurent],17,17,17,0.1981462878137756,0.8018537077582295,4.427994859668161e-09,0.09797179954034621,7.059800438582897,6.550553021249705,3,True,True,native
D1_ikarus_hcg_TM,ikarus[Laurent],19,19,19,0.19547945155496257,0.804520544012077,4.432960443168099e-09,0.09530496328153318,6.188400089740753,6.550553021249705,3,True,True,native
D1_ikarus_hcg_TM,ikarus[Laurent],21,21,21,0.1768480241408902,0.8231519714736105,4.385499297043793e-09,0.07667353586746081,8.117799647152424,8.117799647152424,3,True,True,native
D1_ikarus_hcg_TM,ikarus[Laurent],23,23,23,0.17522801513264968,0.8247719804749736,4.392376684592136e-09,0.07505352685922029,8.745099417865276,8.484444764169808,3,True,True,native
D1_ikarus_hcg_TM,ikarus[Laurent],25,25,25,0.16310974604754638,0.8368902495975928,4.35486080530012e-09,0.06293525777411699,7.701199501752853,8.484444764169808,3,True,True,native
D1_ikarus_hcg_TM,ikarus[Laurent],27,27,27,0.16192607541910936,0.8380739202191316,4.361758954019024e-09,0.061751587145679965,9.852000512182713,9.552500210702421,3,True,True,native
D1_ikarus_hcg_TM,ikarus[Laurent],29,29,29,0.15352581407905014,0.8464741815891075,4.3318424403082645e-09,0.05335132580562074,12.401100248098373,12.422899715602396,3,True,True,native
D1_ikarus_hcg_TM,ikarus[Laurent],31,31,31,0.1525645480847854,0.8474354475769221,4.338292503014429e-09,0.052390059811356,12.751500122249126,13.318499550223349,3,False,False,native
D1_ikarus_hcg_TM,ikarus[Laurent],49,49,49,0.1304075867539768,0.8695924089762895,4.269733677730869e-09,0.030233098480547393,19.79850046336651,21.800199523568157,3,True,True,native
D1_ikarus_hcg_TM,ikarus[Laurent],81,81,81,0.1179934945948848,0.8820065011728481,4.2322670923411465e-09,0.017819006321455402,60.46460010111332,64.02330007404086,3,True,True,native
D1_ikarus_hcg_TM,ikarus[Laurent],121,121,121,0.11193599427188772,0.8880640015163306,4.211781701179973e-09,0.011761505998458321,125.60029979795218,134.4826994463801,3,True,True,native
D1_ikarus_hcg_TM,ikarus[Laurent],169,169,169,0.10852234778601903,0.8914776480077244,4.2062565652756234e-09,0.008347859512589637,267.82859954982996,270.5553006380797,3,True,True,native
D1_ikarus_hcg_TM,ikarus[Laurent],225,225,225,0.10640757762111241,0.8935924181800089,4.198878689187779e-09,0.0062330893476830185,470.397399738431,470.39739973843075,3,True,True,native
D1_ikarus_hcg_TM,ikarus[Laurent],289,289,289,0.10500607572289973,0.8949939200931324,4.183967838855551e-09,0.004831587449470334,878.2091997563839,878.209199756385,3,True,True,native
D1_ikarus_hcg_TM,ikarus[Laurent],361,361,361,0.1040290110433519,0.8959709847636617,4.192986402529186e-09,0.0038545227699225,1401.87260042876,1269.857499748468,1,True,True,native
D1_ikarus_hcg_TM,ikarus[Laurent],441,441,441,0.10332036922066297,0.8966796265572619,4.222075133952785e-09,0.003145880947233573,2242.3086995258927,2044.4996003061535,1,True,True,native
D1_ikarus_hcg_TM,ikarus[Laurent],529,529,529,0.10278980530965989,0.8972101905713112,4.1190288957437815e-09,0.0026153170362304967,3022.1555000171065,3022.155500017107,1,True,True,native
D1_ikarus_hcg_TM,ikarus[Laurent],625,625,625,0.10238203704859387,0.8976179587558223,4.195583880317599e-09,0.002207548775164478,4519.63509991765,4504.767999984328,1,True,True,native
D1_ikarus_hcg_TM,ikarus[Laurent],729,729,729,0.10206168579478862,0.8979383100189502,4.1862612265575194e-09,0.0018871975213592268,5874.273099936545,6371.958800591528,1,True,True,native
D1_ikarus_hcg_TM,ikarus[Laurent],841,841,841,0.10180525178349346,0.898194744025111,4.191395563957201e-09,0.0016307635100640677,9854.028900153935,10808.291099965587,1,True,True,native
D1_ikarus_hcg_TM,ikarus[Laurent],961,961,961,0.10159662716664856,0.8984033686170264,4.2163250668636465e-09,0.0014221388932191686,12551.53669975698,14386.265600100187,1,False,False,native
D1_ikarus_hcg_TM,ikarus[Li],1,1,1,0.023503967689460815,0.9764960288334751,3.477064081103265e-09,0.07667052058396859,3.8176001980900764,3.90740018337965,3,True,True,native
D1_ikarus_hcg_TM,ikarus[Li],3,3,3,0.3072384061250056,0.6927615878496808,6.025313692425982e-09,0.20706391785157618,4.331500269472599,4.741800017654895,3,True,True,native
D1_ikarus_hcg_TM,ikarus[Li],5,5,5,0.03619588983299607,0.9638041062721663,3.8948376746006375e-09,0.06397859844043333,4.670099355280399,5.163599736988544,3,True,True,native
D1_ikarus_hcg_TM,ikarus[Li],7,7,7,0.0968932743062788,0.9031067215931847,4.1005364659341126e-09,0.0032812139671506008,6.335600279271603,5.701259554794056,3,True,True,native
D1_ikarus_hcg_TM,ikarus[Li],9,9,9,0.09080309259055515,0.9091969032731161,4.136328723980398e-09,0.009371395682874248,5.584999918937683,5.701259554794056,3,True,True,native
D1_ikarus_hcg_TM,ikarus[Li],11,11,11,0.0997463042331578,0.9002536916098403,4.157001964877338e-09,0.00042818404027158974,5.609000101685524,5.79950027167797,3,True,True,native
D1_ikarus_hcg_TM,ikarus[Li],13,13,13,0.09758575272012467,0.9024142431185935,4.161281763614966e-09,0.00258873555330473,6.142100319266319,6.173299625515938,3,True,True,native
D1_ikarus_hcg_TM,ikarus[Li],15,15,15,0.10026773235195656,0.8997322634811034,4.16694012628227e-09,9.324407852716321e-05,6.3047995790839195,6.304799579083919,3,True,True,native
D1_ikarus_hcg_TM,ikarus[Li],17,17,17,0.09927248296972013,0.9007275128631862,4.167093670126576e-09,0.0009020053037092635,9.463799186050892,9.097287298795644,3,True,True,native
D1_ikarus_hcg_TM,ikarus[Li],19,19,19,0.1003803897484939,0.8996196060821584,4.16934764491117e-09,0.00020590147506450995,10.450400412082672,9.097287298795644,3,True,True,native
D1_ikarus_hcg_TM,ikarus[Li],21,21,21,0.09984749070712293,0.9001525051240307,4.168846379215552e-09,0.0003269975663064695,8.013200014829636,9.097287298795644,3,True,True,native
D1_ikarus_hcg_TM,ikarus[Li],23,23,23,0.10039668477265412,0.8996033110573725,4.169973477630151e-09,0.00022219649922472495,11.122600175440311,10.317508181644538,3,True,True,native
D1_ikarus_hcg_TM,ikarus[Li],25,25,25,0.10008035370409188,0.8999196421263846,4.1695235042382706e-09,9.413456933751729e-05,9.29499976336956,10.317508181644538,3,True,True,native
D1_ikarus_hcg_TM,ikarus[Li],27,27,27,0.1003866730898778,0.8996133227399701,4.170152112514813e-09,0.00021218481644839915,11.25159952789545,12.79244377020361,3,True,True,native
D1_ikarus_hcg_TM,ikarus[Li],29,29,29,0.10018431769493377,0.8998156781352679,4.169798395459168e-09,9.829421504375935e-06,11.652899906039238,12.79244377020361,3,True,True,native
D1_ikarus_hcg_TM,ikarus[Li],31,31,31,0.10036986752794037,0.8996301283019073,4.170152334559418e-09,0.00019537925451097726,12.622599489986897,12.79244377020361,3,False,False,native
D1_ikarus_hcg_TM,ikarus[Li],49,49,49,0.10026729685322153,0.8997326989771515,4.169626977024166e-09,9.280857979213075e-05,23.672900162637234,23.672900162637234,3,True,True,native
D1_ikarus_hcg_TM,ikarus[Li],81,81,81,0.10023874754483905,0.8997612482854966,4.169664280517793e-09,6.42592714096557e-05,63.38080018758774,65.7473001629114,3,True,True,native
D1_ikarus_hcg_TM,ikarus[Li],121,121,121,0.10021466512638996,0.8997853307040561,4.169553924349145e-09,4.017685296056617e-05,126.79630052298307,136.5331001579761,3,True,True,native
D1_ikarus_hcg_TM,ikarus[Li],169,169,169,0.10020012593738531,0.8997998698927477,4.1698670072420896e-09,2.5637663955913048e-05,270.3788001090288,276.05810016393656,3,True,True,native
D1_ikarus_hcg_TM,ikarus[Li],225,225,225,0.10019132971470258,0.899808666110536,4.17476142544615e-09,1.6841441273188207e-05,476.50610003620386,477.4115998297929,3,True,True,native
D1_ikarus_hcg_TM,ikarus[Li],289,289,289,0.10018579350309707,0.8998142023261353,4.1707676201596655e-09,1.1305229667676886e-05,945.9894001483917,914.480400271714,3,True,True,native
D1_ikarus_hcg_TM,ikarus[Li],361,361,361,0.10018216044776156,0.899817835382573,4.16966550176312e-09,7.672174332160053e-06,1568.9612999558449,1451.5402996912596,1,True,True,native
D1_ikarus_hcg_TM,ikarus[Li],441,441,441,0.1001796849518638,0.8998203108726189,4.175517265281314e-09,5.1966784344048556e-06,2049.1287000477314,1866.031300276518,1,True,True,native
D1_ikarus_hcg_TM,ikarus[Li],529,529,529,0.10017794227432085,0.899822053544232,4.181447188500442e-09,3.4540008914535347e-06,3311.9951002299786,2997.0600996166445,1,True,True,native
D1_ikarus_hcg_TM,ikarus[Li],625,625,625,0.10017668059094884,0.899823315227139,4.181912149903155e-09,2.1923175194393796e-06,4575.838199816644,4560.215099714699,1,True,True,native
D1_ikarus_hcg_TM,ikarus[Li],729,729,729,0.10017574454935739,0.899824251300404,4.150238597233624e-09,1.2562759279938218e-06,6189.98109921813,6962.597399950032,1,True,True,native
D1_ikarus_hcg_TM,ikarus[Li],841,841,841,0.10017503540729768,0.8998249604969006,4.095801697800994e-09,5.471338682810911e-07,9393.916600383818,10781.145100481826,1,True,True,native
D1_ikarus_hcg_TM,ikarus[Li],961,961,961,0.10017448828521251,0.8998255075139782,4.2008093670276025e-09,1.1783116149466366e-11,12085.799399763346,13855.224200524392,1,False,False,native
D1_ikarus_hcg_TM,ikarus[NV],1,1,1,0.023503967689460815,0.9764960288334751,3.477064081103265e-09,0.07667052058396859,55.858599953353405,55.858599953353405,3,True,True,native
D1_ikarus_hcg_TM,ikarus[NV],3,3,3,0.3072384061250056,0.6927615878496808,6.025313692425982e-09,0.20706391785157618,56.641300208866596,56.98959995061158,3,True,True,native
D1_ikarus_hcg_TM,ikarus[NV],5,5,5,0.03619588983299573,0.9638041062721658,3.894838451756755e-09,0.06397859844043366,56.98349978774786,57.055599987506845,3,True,True,native
D1_ikarus_hcg_TM,ikarus[NV],7,7,7,0.09689327430627856,0.9031067215931836,4.100537798201742e-09,0.0032812139671508367,57.412500493228436,57.41250049322844,3,True,True,native
D1_ikarus_hcg_TM,ikarus[NV],9,9,9,0.09080309259055495,0.9091969032731086,4.136336384519268e-09,0.009371395682874442,57.81219992786646,58.30054704841294,3,True,True,native
D1_ikarus_hcg_TM,ikarus[NV],11,11,11,0.0997463042331576,0.900253691609844,4.156998412163659e-09,0.0004281840402717979,58.25029965490103,58.30054704841294,3,True,True,native
D1_ikarus_hcg_TM,ikarus[NV],13,13,13,0.09758575272012185,0.9024142431185694,4.161308742034464e-09,0.0025887355533075473,58.517999947071075,58.70960000902413,3,True,True,native
D1_ikarus_hcg_TM,ikarus[NV],15,15,15,0.10026773235194784,0.8997322634810907,4.166961442564343e-09,9.324407851844796e-05,58.761900290846825,59.49340015649798,3,True,True,native
D1_ikarus_hcg_TM,ikarus[NV],17,17,17,0.0992724829697318,0.9007275128631703,4.1670978889740695e-09,0.0009020053036975922,62.268600799143314,61.735597072333434,3,True,True,native
D1_ikarus_hcg_TM,ikarus[NV],19,19,19,0.10038038974848779,0.8996196060822174,4.169294798295198e-09,0.00020590147505838985,61.607399955391884,61.735597072333434,3,True,True,native
D1_ikarus_hcg_TM,ikarus[NV],21,21,21,0.09984749070712591,0.9001525051238943,4.168979717000809e-09,0.00032699756630348575,60.86619943380356,61.735597072333434,3,True,True,native
D1_ikarus_hcg_TM,ikarus[NV],23,23,23,0.10039668477264585,0.89960331105745,4.1699041997134145e-09,0.0002221964992164538,62.22209986299276,62.34731636491433,3,True,True,native
D1_ikarus_hcg_TM,ikarus[NV],25,25,25,0.100080353704085,0.8999196421265089,4.169406153664568e-09,9.413456934440068e-05,62.04380001872778,62.34731636491433,3,True,True,native
D1_ikarus_hcg_TM,ikarus[NV],27,27,27,0.10038667308988616,0.8996133227400231,4.1700907171815516e-09,0.00021218481645676746,68.70399974286556,68.30528342118451,3,True,True,native
D1_ikarus_hcg_TM,ikarus[NV],29,29,29,0.10018431769492875,0.8998156781352991,4.169772194195787e-09,9.829421499352176e-06,70.22260036319494,68.30528342118451,3,True,True,native
D1_ikarus_hcg_TM,ikarus[NV],31,31,31,0.10036986752792194,0.8996301283019136,4.170164435990387e-09,0.00019537925449254756,64.94340021163225,68.30528342118451,3,False,False,native
D1_ikarus_hcg_TM,ikarus[NV],49,49,49,0.10026729685336061,0.8997326989771609,4.169478429183471e-09,9.280857993121394e-05,76.553700491786,76.63599960505965,3,True,True,native
D1_ikarus_hcg_TM,ikarus[NV],81,81,81,0.1002387475438635,0.8997612482866226,4.169513845297956e-09,6.425927043410273e-05,116.69760011136532,118.18969994783386,3,True,True,native
D1_ikarus_hcg_TM,ikarus[NV],121,121,121,0.10021466512514784,0.8997853307037648,4.1710873643907576e-09,4.017685171844865e-05,181.21640011668205,185.67770067602393,3,True,True,native
D1_ikarus_hcg_TM,ikarus[NV],169,169,169,0.10020012594093132,0.8997998698897743,4.169294354205988e-09,2.5637667501923755e-05,329.84490040689707,329.8449004068969,3,True,True,native
D1_ikarus_hcg_TM,ikarus[NV],225,225,225,0.10019132971056209,0.8998086661236726,4.165765288277612e-09,1.6841437132694703e-05,533.7485000491142,533.8127994909881,3,True,True,native
D1_ikarus_hcg_TM,ikarus[NV],289,289,289,0.10018579349635859,0.8998142023398212,4.163820177538469e-09,1.1305222929192116e-05,1025.0789001584053,1007.4522998183976,1,True,True,native
D1_ikarus_hcg_TM,ikarus[NV],361,361,361,0.10018216043649582,0.8998178353905606,4.172943546265628e-09,7.672163066421711e-06,1628.7374999374151,1540.7509999349709,1,True,True,native
D1_ikarus_hcg_TM,ikarus[NV],441,441,441,0.10017968493944182,0.8998203109065512,4.154006916223807e-09,5.196666012424744e-06,2204.474899917841,2004.9932003021245,1,True,True,native
D1_ikarus_hcg_TM,ikarus[NV],529,529,529,0.10017794227122101,0.8998220535703582,4.158420829902809e-09,3.4539977916137055e-06,3135.500100441277,2845.013800077141,1,True,True,native
D1_ikarus_hcg_TM,ikarus[NV],625,625,625,0.10017668055291665,0.899823315286308,4.160775390893434e-09,2.19227948725087e-06,4920.190899632871,4771.828699856994,1,True,True,native
D1_ikarus_hcg_TM,ikarus[NV],729,729,729,0.10017574452918476,0.8998242513304386,4.140376597128181e-09,1.2562557553663645e-06,6536.358300596476,7119.261399842795,1,True,True,native
D1_ikarus_hcg_TM,ikarus[NV],841,841,841,0.10017503540109159,0.8998249604861299,4.112778451137444e-09,5.471276621898946e-07,9964.542099274695,11332.875699736187,1,True,True,native
D1_ikarus_hcg_TM,ikarus[NV],961,961,961,0.1001744882734294,0.8998255076417753,4.084795279801767e-09,0.0,12426.611100323498,14338.746200315662,1,False,False,native
D2_ikarus_cylinder_TE,fork[Laurent],1,"(1,1)",1,0.13407749218916665,0.8659214766216996,1.0311891337488888e-06,0.8080648026890228,5.317600443959236,5.4723977002864235,3,True,True,native
D2_ikarus_cylinder_TE,fork[Laurent],3,"(3,3)",9,0.9987294518957707,0.0012691067583392476,1.4413458900822303e-06,0.05658715701758121,6.585599854588509,6.458829514412671,3,True,True,native
D2_ikarus_cylinder_TE,fork[Laurent],5,"(5,5)",25,0.9687920453141095,0.031205982980509535,1.971705381013933e-06,0.026649750435919994,11.176399886608124,11.291111267206254,3,True,True,native
D2_ikarus_cylinder_TE,fork[Laurent],7,"(7,7)",49,0.9820296190701622,0.017968188655692628,2.1922741451976813e-06,0.03988732419197272,26.812399737536907,26.442751785139905,3,True,True,native
D2_ikarus_cylinder_TE,fork[Laurent],9,"(9,9)",81,0.9774393875682972,0.022558401594118857,2.21083758396301e-06,0.03529709269010772,70.53149957209826,70.91396307587938,3,True,True,native
D2_ikarus_cylinder_TE,fork[Laurent],11,"(11,11)",121,0.9715783788350947,0.02841942364537631,2.197519529009012e-06,0.029436083956905224,130.25599997490644,132.55383168875673,3,True,True,native
D2_ikarus_cylinder_TE,fork[Laurent],13,"(13,13)",169,0.97058043859313,0.029417359152729573,2.2022541403925178e-06,0.028438143714940578,296.6523999348283,296.886457926989,3,True,True,native
D2_ikarus_cylinder_TE,fork[Laurent],15,"(15,15)",225,0.9664393391598776,0.03355847179270955,2.1890474128857806e-06,0.024297044281688107,531.4613003283739,525.4589039929923,3,True,True,native
D2_ikarus_cylinder_TE,fork[Laurent],17,"(17,17)",289,0.964663968006635,0.03533384689259116,2.185100773828552e-06,0.022521673128445552,1028.9542004466057,1053.0663817398352,1,True,True,native
D2_ikarus_cylinder_TE,fork[Laurent],19,"(19,19)",361,0.9630750489649197,0.03692277049047913,2.180544601181056e-06,0.020932754086730232,1441.5736999362707,1455.0935055324335,1,True,True,native
D2_ikarus_cylinder_TE,fork[Laurent],21,"(21,21)",441,0.9608964660075688,0.03910136021787682,2.1737745543384812e-06,0.018754171129379382,2244.258100166917,2246.775038584848,1,True,True,native
D2_ikarus_cylinder_TE,fork[Laurent],23,"(23,23)",529,0.9600762696450155,0.03992155869189442,2.1716630901127965e-06,0.01793397476682601,3454.9365993589163,3537.893456681385,1,True,True,native
D2_ikarus_cylinder_TE,fork[Laurent],25,"(25,25)",625,0.9586094730482869,0.04138836002619871,2.166925514371365e-06,0.016467178170097463,4698.080999776721,4635.331295327665,1,True,True,native
D2_ikarus_cylinder_TE,fork[Laurent],27,"(27,27)",729,0.9575993900478066,0.04239844599630091,2.1639558925035107e-06,0.01545709516961713,7125.15680026263,7206.663215815885,1,True,True,native
D2_ikarus_cylinder_TE,fork[Laurent],29,"(29,29)",841,0.9568920440872072,0.043105794150460106,2.16176233271137e-06,0.014749749209017726,24391.745099797845,9230.918421112994,1,True,True,native
D2_ikarus_cylinder_TE,fork[Laurent],31,"(31,31)",961,0.9558544070210573,0.04414343444764562,2.158531297098698e-06,0.013712112142867827,13096.379400230944,12850.802786703647,1,False,False,native
D2_ikarus_cylinder_TE,fork[Pol],1,"(1,1)",1,0.0013733697648807463,0.998625649082743,9.811523762337515e-07,0.9407689251133087,264.12379927933216,268.52672284953366,3,True,True,native
D2_ikarus_cylinder_TE,fork[Pol],3,"(3,3)",9,0.8786027824016795,0.1213959096114283,1.3079868921572757e-06,0.06353951247650991,270.541800186038,274.20508518596966,3,True,True,native
D2_ikarus_cylinder_TE,fork[Pol],5,"(5,5)",25,0.780811724158334,0.2191868782649492,1.3975767167995201e-06,0.16133057071985546,315.12799952179193,315.8498228006888,3,True,True,native
D2_ikarus_cylinder_TE,fork[Pol],7,"(7,7)",49,0.9219620035087152,0.07803609130044489,1.9051908399514428e-06,0.0201802913694743,313.63159976899624,329.20327000849363,3,True,True,native
D2_ikarus_cylinder_TE,fork[Pol],9,"(9,9)",81,0.9564543682941058,0.04354343721898013,2.194486914075533e-06,0.014312073415916338,360.6658997014165,364.62509217878704,3,True,True,native
D2_ikarus_cylinder_TE,fork[Pol],11,"(11,11)",121,0.9285680762580331,0.07142990981941845,2.013922548491087e-06,0.013574218620156397,441.7086001485586,439.1448597326062,3,True,True,native
D2_ikarus_cylinder_TE,fork[Pol],13,"(13,13)",169,0.9365586270978042,0.06343931447067606,2.058431519694204e-06,0.005583667780385215,621.4204002171755,637.5818792612644,3,True,True,native
D2_ikarus_cylinder_TE,fork[Pol],15,"(15,15)",225,0.944812325473505,0.05518556001783965,2.114508655330638e-06,0.0026700305953155645,894.1171001642942,876.0149960240559,3,True,True,native
D2_ikarus_cylinder_TE,fork[Pol],17,"(17,17)",289,0.940697351823846,0.05930055427556271,2.0939005913392372e-06,0.001444943054343506,1329.305799677968,1383.1226730098235,1,True,True,native
D2_ikarus_cylinder_TE,fork[Pol],19,"(19,19)",361,0.9400104163230762,0.05998749689636178,2.0867805619745328e-06,0.002131878555113209,1950.5845000967383,1975.990446419623,1,True,True,native
D2_ikarus_cylinder_TE,fork[Pol],21,"(21,21)",441,0.9430494687598043,0.05694842746759913,2.1037725965386556e-06,0.0009071738816148756,2960.5609998106956,2911.0751717849407,1,True,True,native
D2_ikarus_cylinder_TE,fork[Pol],23,"(23,23)",529,0.942572271608185,0.0574256234746294,2.1049171855802573e-06,0.0004299767299955626,4068.5382997617126,4071.2237636239165,1,True,True,native
D2_ikarus_cylinder_TE,fork[Pol],25,"(25,25)",625,0.9418014574788314,0.05819644064226796,2.101878900664933e-06,0.0003408373993580849,5778.279599733651,5546.795417260053,1,True,True,native
D2_ikarus_cylinder_TE,fork[Pol],27,"(27,27)",729,0.9421507908263644,0.05784710619197434,2.1029816612214147e-06,8.495948174980228e-06,7710.090500302613,7888.235212042393,1,True,True,native
D2_ikarus_cylinder_TE,fork[Pol],29,"(29,29)",841,0.9423596960588131,0.05763820086505857,2.10307612834304e-06,0.00021740118062363312,10443.147400394082,10561.143635675002,1,True,True,native
D2_ikarus_cylinder_TE,fork[Pol],31,"(31,31)",961,0.9425815440406894,0.05741635132998555,2.1046293250601145e-06,0.00043924916249993284,13915.88019952178,13838.055531921782,1,False,False,native
D2_ikarus_cylinder_TE,ikarus[Laurent],1,"(1,1)",1,0.13407763034941625,0.8659223689112288,7.393550216505673e-10,0.8080646645287732,7.703700102865696,7.6105872046371665,3,True,True,native
D2_ikarus_cylinder_TE,ikarus[Laurent],3,"(3,3)",9,0.9987309273912894,0.001269070399156103,2.2095544610547385e-09,0.05658863251309998,8.877100422978401,9.020699478589755,3,True,True,native
D2_ikarus_cylinder_TE,ikarus[Laurent],5,"(5,5)",25,0.9687940202297495,0.03120597620897118,3.561279344338475e-09,0.02665172535156002,14.035100117325783,13.496385496758597,3,True,True,native
D2_ikarus_cylinder_TE,ikarus[Laurent],7,"(7,7)",49,0.9820318416782607,0.017968154368053706,3.953685552560149e-09,0.039889546800071285,29.15240079164505,29.2417133231555,3,True,True,native
D2_ikarus_cylinder_TE,ikarus[Laurent],9,"(9,9)",81,0.9774416175176606,0.0225583785414083,3.9409311335114605e-09,0.03529932263947111,77.51820050179958,77.24261292253593,3,True,True,native
D2_ikarus_cylinder_TE,ikarus[Laurent],11,"(11,11)",121,0.9715805816977631,0.02841941436349943,3.938737502817702e-09,0.02943828681957361,148.34189973771572,149.06593296368362,3,True,True,native
D2_ikarus_cylinder_TE,ikarus[Laurent],13,"(13,13)",169,0.9705826433346456,0.029417352722548636,3.942805752027434e-09,0.028440348456456155,304.1041996330023,304.62710027633364,3,True,True,native
D2_ikarus_cylinder_TE,ikarus[Laurent],15,"(15,15)",225,0.9664415210426611,0.03355847504452373,3.912815148277016e-09,0.024299226164471666,522.0817001536489,517.8822099305725,3,True,True,native
D2_ikarus_cylinder_TE,ikarus[Laurent],17,"(17,17)",289,0.96466614170184,0.03533385438352882,3.914631230284016e-09,0.022523846823650495,1103.4918995574117,1039.443370876399,1,True,True,native
D2_ikarus_cylinder_TE,ikarus[Laurent],19,"(19,19)",361,0.9630772143155145,0.03692278178423535,3.9002501298068815e-09,0.02093491943732506,1427.2600999101996,1394.9502378007282,1,True,True,native
D2_ikarus_cylinder_TE,ikarus[Laurent],21,"(21,21)",441,0.9608986196010303,0.03910137650801661,3.890953101381989e-09,0.018756324722840834,2395.542699843645,2308.1191361329315,1,True,True,native
D2_ikarus_cylinder_TE,ikarus[Laurent],23,"(23,23)",529,0.9600784191553257,0.03992157695573622,3.888938122920127e-09,0.0179361242771362,3327.031100168824,3348.068123334535,1,True,True,native
D2_ikarus_cylinder_TE,ikarus[Laurent],25,"(25,25)",625,0.9586116144666436,0.04138838165541535,3.8779410932443525e-09,0.0164693195884541,4943.518499843776,4799.7076577223725,1,True,True,native
D2_ikarus_cylinder_TE,ikarus[Laurent],27,"(27,27)",729,0.9576015261780076,0.04239846994619706,3.8757952958157205e-09,0.015459231299818188,6080.2190992981195,6116.717796881142,1,True,True,native
D2_ikarus_cylinder_TE,ikarus[Laurent],29,"(29,29)",841,0.9568941763782277,0.043105819751229076,3.8705432123253836e-09,0.014751881500038255,10534.370199777186,9464.45753668351,1,True,True,native
D2_ikarus_cylinder_TE,ikarus[Laurent],31,"(31,31)",961,0.9558565337385573,0.04414346239636332,3.865079402365357e-09,0.013714238860367822,12849.202799610794,12748.898045297565,1,False,False,native
D2_ikarus_cylinder_TE,ikarus[Li],1,"(1,1)",1,0.026641837630718024,0.9733581602962591,2.0730228644794124e-09,0.9155004572474714,16.456899233162403,13.865924738234442,3,True,True,native
D2_ikarus_cylinder_TE,ikarus[Li],3,"(3,3)",9,0.9518769776065759,0.048123019692146794,2.7012773476386975e-09,0.009734682728386401,15.553200617432594,15.631503292635687,3,True,True,native
D2_ikarus_cylinder_TE,ikarus[Li],5,"(5,5)",25,0.8038727805311111,0.19612721690406335,2.5648255463917025e-09,0.13826951434707835,21.39929961413145,20.715474764787704,3,True,True,native
D2_ikarus_cylinder_TE,ikarus[Li],7,"(7,7)",49,0.8406984779776293,0.15930151918811292,2.8342577729212337e-09,0.10144381690056015,38.01400028169155,38.1449742539444,3,True,True,native
D2_ikarus_cylinder_TE,ikarus[Li],9,"(9,9)",81,0.8593633640413989,0.1406366329862282,2.9723729033648283e-09,0.08277893083679055,84.3062000349164,85.0458059773573,3,True,True,native
D2_ikarus_cylinder_TE,ikarus[Li],11,"(11,11)",121,0.8731824822873139,0.12681751463986193,3.0728241895428e-09,0.06895981259087558,156.69019985944033,153.19930740966967,3,True,True,native
D2_ikarus_cylinder_TE,ikarus[Li],13,"(13,13)",169,0.8842497900740531,0.11575020676336627,3.1625806001800427e-09,0.057892504804136324,310.1211003959179,310.2654166935788,3,True,True,native
D2_ikarus_cylinder_TE,ikarus[Li],15,"(15,15)",225,0.8911348277715379,0.10886516900551163,3.2229505175784823e-09,0.051007467106651605,536.0376005992293,529.937230761967,3,True,True,native
D2_ikarus_cylinder_TE,ikarus[Li],17,"(17,17)",289,0.8975402725580336,0.10245972416279439,3.279172017256471e-09,0.044602022320155865,978.3789999783039,1040.5390264796358,3,True,True,native
D2_ikarus_cylinder_TE,ikarus[Li],19,"(19,19)",361,0.9022008721760316,0.09779912450045145,3.3235169338841075e-09,0.039941422702157836,1663.7825006619096,1604.0969069575938,1,True,True,native
D2_ikarus_cylinder_TE,ikarus[Li],21,"(21,21)",441,0.9058122809432513,0.09418771569718348,3.359565237115447e-09,0.03633001393493818,2116.0238003358245,2112.2664642831455,1,True,True,native
D2_ikarus_cylinder_TE,ikarus[Li],23,"(23,23)",529,0.9092426458579914,0.09075735074837353,3.393635053527966e-09,0.03289964902019804,3382.634799927473,3313.833200080922,1,True,True,native
D2_ikarus_cylinder_TE,ikarus[Li],25,"(25,25)",625,0.9117149832299126,0.08828501335010498,3.4199823945035845e-09,0.030427311648276834,4999.99909941107,4855.5056626649375,1,True,True,native
D2_ikarus_cylinder_TE,ikarus[Li],27,"(27,27)",729,0.9142165845636396,0.08578341199055449,3.445805876745034e-09,0.027925710314549823,6749.24820009619,6787.988453591971,1,True,True,native
D2_ikarus_cylinder_TE,ikarus[Li],29,"(29,29)",841,0.9162772384748613,0.08372275805652453,3.468614159785055e-09,0.025865056403328146,8727.904500439763,8770.971291124364,1,True,True,native
D2_ikarus_cylinder_TE,ikarus[Li],31,"(31,31)",961,0.9180152823605232,0.08198471415192383,3.4875529547617745e-09,0.024127012517666246,12055.311400443316,11946.013237313511,1,False,False,native
D2_ikarus_cylinder_TE,ikarus[NV],1,"(1,1)",1,0.0067054497772720476,0.9932945487724368,1.4502911094282922e-09,0.9354368451009174,65.7692002132535,64.98330631206781,3,True,True,native
D2_ikarus_cylinder_TE,ikarus[NV],3,"(3,3)",9,0.8786574955271529,0.12134250203154752,2.4412995930367387e-09,0.06348479935103657,71.23820018023252,66.75012315520162,3,True,True,native
D2_ikarus_cylinder_TE,ikarus[NV],5,"(5,5)",25,0.7873593350288858,0.21264066244355082,2.5275634085719645e-09,0.15478295984930368,71.38749957084656,71.91834134532263,3,True,True,native
D2_ikarus_cylinder_TE,ikarus[NV],7,"(7,7)",49,0.9256707419460162,0.074329254478653,3.575330823069045e-09,0.016471552932173283,90.02329967916012,89.24211060736587,3,True,True,native
D2_ikarus_cylinder_TE,ikarus[NV],9,"(9,9)",81,0.9560469084689904,0.043953087580636714,3.9503728552214845e-09,0.013904613590800974,137.33460009098053,136.07737742326515,3,True,True,native
D2_ikarus_cylinder_TE,ikarus[NV],11,"(11,11)",121,0.9265184653204638,0.07348153105670052,3.622835698102733e-09,0.015623829557725677,206.7093001678586,207.05745712078703,3,True,True,native
D2_ikarus_cylinder_TE,ikarus[NV],13,"(13,13)",169,0.9336394791903615,0.0663605171214274,3.6882110976410587e-09,0.008502815687827958,373.0925004929304,374.1910828508692,3,True,True,native
D2_ikarus_cylinder_TE,ikarus[NV],15,"(15,15)",225,0.9456388165935486,0.05436117959096088,3.8154904721809935e-09,0.003496521715359191,587.3483996838331,586.1282326677031,3,True,True,native
D2_ikarus_cylinder_TE,ikarus[NV],17,"(17,17)",289,0.941191668163743,0.05880832806259473,3.773662271555622e-09,0.0009506267144464564,1194.9349995702505,1159.5513159745594,1,True,True,native
D2_ikarus_cylinder_TE,ikarus[NV],19,"(19,19)",361,0.9383065277005861,0.061693468557705716,3.741708193283344e-09,0.0038357671776033664,1766.7255997657776,1740.0542278408275,1,True,True,native
D2_ikarus_cylinder_TE,ikarus[NV],21,"(21,21)",441,0.9430833341370404,0.05691666206769705,3.7952625764337e-09,0.0009410392588509175,2175.1121999695897,2180.8974565788935,1,True,True,native
D2_ikarus_cylinder_TE,ikarus[NV],23,"(23,23)",529,0.9431619751898892,0.05683802101279318,3.797317620068963e-09,0.0010196803116997444,3171.573200263083,3160.2915350772196,1,True,True,native
D2_ikarus_cylinder_TE,ikarus[NV],25,"(25,25)",625,0.9408375177290611,0.059162478500959605,3.769979294021564e-09,0.0013047771491283555,4744.73309982568,4929.463361449819,1,True,True,native
D2_ikarus_cylinder_TE,ikarus[NV],27,"(27,27)",729,0.9423692154271446,0.057630780784108264,3.788747156285854e-09,0.00022692054895512292,6899.943400174379,6948.66965152799,1,True,True,native
D2_ikarus_cylinder_TE,ikarus[NV],29,"(29,29)",841,0.9433177244409195,0.05668227175849256,3.800587893010299e-09,0.0011754295627300904,9677.865999750793,9652.506775358805,1,True,True,native
D2_ikarus_cylinder_TE,ikarus[NV],31,"(31,31)",961,0.9421422948781895,0.057857701335246356,3.786564187202579e-09,0.0,12299.107699654996,12211.378432493082,1,False,False,native
